<?xml version="1.0" encoding="utf-8" ?>
<manifest xmlns="http://www.imsglobal.org/xsd/imscp_v1p1"
          xmlns:xsi="http://www.w3.org/2001/XMLSchema-instance"
          xmlns:adlcp="http://www.adlnet.org/xsd/adlcp_rootv1p2"
          xmlns:cwsp="http://www.dspace.org/xmlns/cwspace_imscp"
          xmlns:ocw="http://ocw.mit.edu/xmlns/ocw_imscp"
          xmlns:lom="http://ocw.mit.edu/xmlns/LOM"
          identifier="urn_edu.mit.ocw_6-854j-advanced-algorithms-fall-2005"
          version="2016-2-7T1:23:52"
          cwsp:packageType="Course"
          xml:base="6-854j-fall-2005/"
          xsi:schemaLocation="http://www.imsglobal.org/xsd/imscp_v1p1 http://www.imsglobal.org/xsd/imscp_v1p1.xsd  http://www.adlnet.org/xsd/adlcp_rootv1p2 http://www.adlnet.org/xsd/adlcp_rootv1p2.xsd http://www.dspace.org/xmlns/cwspace_imscp http://www.dspace.org/xsd/cwspace_imscp/version10/cwspace_imscpv10.xsd http://ocw.mit.edu/xmlns/ocw_imscp http://ocw.mit.edu/xsd/ocw_imscp/version10/ocw_imscpv10.xsd http://ocw.mit.edu/xmlns/LOM http://ocw.mit.edu/xsd/LOM/lomv1.0/lomv1.0.xsd">
   	<metadata>
   		<schema>IMS Content</schema>
        <schemaversion>1.1</schemaversion>
        <cwsp:packageMetadata>
            <cwsp:sourceSystem>OCW</cwsp:sourceSystem>
            <cwsp:profile>CWSpace</cwsp:profile>
            <cwsp:profileVersion>0.1</cwsp:profileVersion>
        </cwsp:packageMetadata>
        <lom:general uniqueElementName="general">
            <lom:title uniqueElementName="title">
				<lom:string language="en">Advanced Algorithms</lom:string>
			</lom:title>
			<lom:identifier>
				<lom:catalog uniqueElementName="catalog">OCW Master Course Number</lom:catalog>
		      	<lom:entry uniqueElementName="entry">6.854J</lom:entry>
			</lom:identifier>
			<lom:identifier>
				<lom:catalog uniqueElementName="catalog">OCW Linked Course Number</lom:catalog>
		      	<lom:entry uniqueElementName="entry">18.415J</lom:entry>
			</lom:identifier>
        </lom:general>
        <lom:lifecycle uniqueElementName="lifeCycle">
            <lom:version uniqueElementName="version">
				<lom:string language="en">Fall 2005</lom:string>
			</lom:version>
            <lom:contribute>
	            <lom:role>
	                <lom:source uniqueElementName="source">OCW_LOMv1.0</lom:source>
	                <lom:value uniqueElementName="value">Author</lom:value>
	            </lom:role>
	            <lom:entity>Karger, David R.</lom:entity>
	            <lom:date uniqueElementName="date">
	                <lom:dateTime uniqueElementName="dateTime">2016-2-7</lom:dateTime>
	            </lom:date>
        	</lom:contribute>
        </lom:lifecycle>
        <lom:relation uniqueElementName="relation">
        	<lom:kind uniqueElementName="kind">
        		<lom:source uniqueElementName="source">OCW_LOMv1.0</lom:source>
        		<lom:value uniqueElementName="value">isbasedon</lom:value>
        	</lom:kind>
        	<lom:resource uniqueElementName="resource">
        		<lom:identifier>
        			<lom:catalog uniqueElementName="catalog">URI</lom:catalog>
        			<lom:entry uniqueElementName="entry">http://hdl.handle.net/1721.1/36897</lom:entry>
        		</lom:identifier>
        		<lom:description uniqueElementName="description">
        			<lom:string language="en">Previous version of the course</lom:string>
        		</lom:description>
        	</lom:resource>
        </lom:relation>
        <lom:relation uniqueElementName="relation">
        	<lom:kind uniqueElementName="kind">
        		<lom:source uniqueElementName="source">OCW_LOMv1.0</lom:source>
        		<lom:value uniqueElementName="value">hasversion</lom:value>
        	</lom:kind>
        	<lom:resource uniqueElementName="resource">
        		<lom:identifier>
        			<lom:catalog uniqueElementName="catalog">URI</lom:catalog>
        			<lom:entry uniqueElementName="entry">http://www.core.org.cn/OcwWeb/Electrical-Engineering-and-Computer-Science/6-854JFall-2005/CourseHome/index.htm</lom:entry>
        		</lom:identifier>
        		<lom:description uniqueElementName="description">
        			<lom:string language="en"></lom:string>
        		</lom:description>
        	</lom:resource>
        </lom:relation>
        <lom:taxonPath>
            <lom:source uniqueElementName="source">
                <lom:string language="en">OCW Course Topics</lom:string>
            </lom:source>
            <lom:taxon>
                <lom:entry uniqueElementName="entry">
                    <lom:string language="en">Engineering</lom:string>
                </lom:entry>
            </lom:taxon>
            <lom:taxon>
                <lom:entry uniqueElementName="entry">
                    <lom:string language="en">Computer Science</lom:string>
                </lom:entry>
            </lom:taxon>
            <lom:taxon>
                <lom:entry uniqueElementName="entry">
                    <lom:string language="en">Algorithms and Data Structures</lom:string>
                </lom:entry>
            </lom:taxon>
        </lom:taxonPath>        
        <adlcp:location>contents/index.htm.xml</adlcp:location>
    </metadata>
    <organizations default="ocw_6-854j-advanced-algorithms-fall-2005">
        <organization identifier="ocw_6-854j-advanced-algorithms-fall-2005">
            <title>Advanced Algorithms</title>
            <item identifier="i_6-854j-advanced-algorithms-fall-2005.CourseHome"
                  identifierref="r_contents.index.htm"
                  ocw:sectionTemplateType="CourseHomePage"
                  ocw:sectionTemplateVersion="2016-2-7">
				<title>Advanced Algorithms</title>
				<item identifier="i_6-854j-advanced-algorithms-fall-2005.6-854jf05.jpg"
          identifierref="r_contents.6-854jf05.jpg">
				<title>6-854jf05.jpg</title>
				</item>
				<item identifier="i_6-854j-advanced-algorithms-fall-2005.6-854jf05-th.jpg"
          identifierref="r_contents.6-854jf05-th.jpg">
				<title>6-854jf05-th.jpg</title>
				</item>
			</item>
            <item identifier="i_6-854j-advanced-algorithms-fall-2005.syllabus"
                  identifierref="r_contents.syllabus.index.htm"
                  ocw:sectionTemplateType="CourseSection"
                  ocw:sectionTemplateVersion="2016-2-7">
				<title>Syllabus</title>
			</item>
            <item identifier="i_6-854j-advanced-algorithms-fall-2005.calendar"
                  identifierref="r_contents.calendar.index.htm"
                  ocw:sectionTemplateType="CourseSection"
                  ocw:sectionTemplateVersion="2016-2-7">
				<title>Calendar</title>
			</item>
            <item identifier="i_6-854j-advanced-algorithms-fall-2005.readings"
                  identifierref="r_contents.readings.index.htm"
                  ocw:sectionTemplateType="CourseSection"
                  ocw:sectionTemplateVersion="2016-2-7">
				<title>Readings</title>
			</item>
            <item identifier="i_6-854j-advanced-algorithms-fall-2005.lecture-notes"
                  identifierref="r_contents.lecture-notes.index.htm"
                  ocw:sectionTemplateType="CourseSection"
                  ocw:sectionTemplateVersion="2016-2-7">
				<title>Lecture Notes</title>
				<item identifier="i_6-854j-advanced-algorithms-fall-2005.lecture-notes.lec15_2003.pdf"
          identifierref="r_contents.lecture-notes.lec15_2003.pdf">
				<title>lec15_2003.pdf</title>
				</item>
				<item identifier="i_6-854j-advanced-algorithms-fall-2005.lecture-notes.dualitynotes.pdf"
          identifierref="r_contents.lecture-notes.dualitynotes.pdf">
				<title>dualitynotes.pdf</title>
				</item>
				<item identifier="i_6-854j-advanced-algorithms-fall-2005.lecture-notes.ragnarok.pdf"
          identifierref="r_contents.lecture-notes.ragnarok.pdf">
				<title>ragnarok.pdf</title>
				</item>
				<item identifier="i_6-854j-advanced-algorithms-fall-2005.lecture-notes.lec01_1999.pdf"
          identifierref="r_contents.lecture-notes.lec01_1999.pdf">
				<title>lec01_1999.pdf</title>
				</item>
				<item identifier="i_6-854j-advanced-algorithms-fall-2005.lecture-notes.n25_geometry.pdf"
          identifierref="r_contents.lecture-notes.n25_geometry.pdf">
				<title>n25_geometry.pdf</title>
				</item>
				<item identifier="i_6-854j-advanced-algorithms-fall-2005.lecture-notes.lec12_2003.pdf"
          identifierref="r_contents.lecture-notes.lec12_2003.pdf">
				<title>lec12_2003.pdf</title>
				</item>
				<item identifier="i_6-854j-advanced-algorithms-fall-2005.lecture-notes.lec01_2003.pdf"
          identifierref="r_contents.lecture-notes.lec01_2003.pdf">
				<title>lec01_2003.pdf</title>
				</item>
				<item identifier="i_6-854j-advanced-algorithms-fall-2005.lecture-notes.n5_bucket.pdf"
          identifierref="r_contents.lecture-notes.n5_bucket.pdf">
				<title>n5_bucket.pdf</title>
				</item>
				<item identifier="i_6-854j-advanced-algorithms-fall-2005.lecture-notes.n0_intro.pdf"
          identifierref="r_contents.lecture-notes.n0_intro.pdf">
				<title>n0_intro.pdf</title>
				</item>
				<item identifier="i_6-854j-advanced-algorithms-fall-2005.lecture-notes.n23online.pdf"
          identifierref="r_contents.lecture-notes.n23online.pdf">
				<title>n23online.pdf</title>
				</item>
				<item identifier="i_6-854j-advanced-algorithms-fall-2005.lecture-notes.n3_splay.pdf"
          identifierref="r_contents.lecture-notes.n3_splay.pdf">
				<title>n3_splay.pdf</title>
				</item>
				<item identifier="i_6-854j-advanced-algorithms-fall-2005.lecture-notes.lec14_2003.pdf"
          identifierref="r_contents.lecture-notes.lec14_2003.pdf">
				<title>lec14_2003.pdf</title>
				</item>
				<item identifier="i_6-854j-advanced-algorithms-fall-2005.lecture-notes.n1_fibonacci.pdf"
          identifierref="r_contents.lecture-notes.n1_fibonacci.pdf">
				<title>n1_fibonacci.pdf</title>
				</item>
				<item identifier="i_6-854j-advanced-algorithms-fall-2005.lecture-notes.lec06_2003.pdf"
          identifierref="r_contents.lecture-notes.lec06_2003.pdf">
				<title>lec06_2003.pdf</title>
				</item>
				<item identifier="i_6-854j-advanced-algorithms-fall-2005.lecture-notes.lec02_2003.pdf"
          identifierref="r_contents.lecture-notes.lec02_2003.pdf">
				<title>lec02_2003.pdf</title>
				</item>
				<item identifier="i_6-854j-advanced-algorithms-fall-2005.lecture-notes.veb.pdf"
          identifierref="r_contents.lecture-notes.veb.pdf">
				<title>veb.pdf</title>
				</item>
				<item identifier="i_6-854j-advanced-algorithms-fall-2005.lecture-notes.max_flow_dff.pdf"
          identifierref="r_contents.lecture-notes.max_flow_dff.pdf">
				<title>max_flow_dff.pdf</title>
				</item>
				<item identifier="i_6-854j-advanced-algorithms-fall-2005.lecture-notes.lec18_2003.pdf"
          identifierref="r_contents.lecture-notes.lec18_2003.pdf">
				<title>lec18_2003.pdf</title>
				</item>
				<item identifier="i_6-854j-advanced-algorithms-fall-2005.lecture-notes.dzhang_splaytree.pdf"
          identifierref="r_contents.lecture-notes.dzhang_splaytree.pdf">
				<title>dzhang_splaytree.pdf</title>
				</item>
				<item identifier="i_6-854j-advanced-algorithms-fall-2005.lecture-notes.n4_suffix.pdf"
          identifierref="r_contents.lecture-notes.n4_suffix.pdf">
				<title>n4_suffix.pdf</title>
				</item>
				<item identifier="i_6-854j-advanced-algorithms-fall-2005.lecture-notes.lec13_2001.pdf"
          identifierref="r_contents.lecture-notes.lec13_2001.pdf">
				<title>lec13_2001.pdf</title>
				</item>
				<item identifier="i_6-854j-advanced-algorithms-fall-2005.lecture-notes.n7_flow.pdf"
          identifierref="r_contents.lecture-notes.n7_flow.pdf">
				<title>n7_flow.pdf</title>
				</item>
				<item identifier="i_6-854j-advanced-algorithms-fall-2005.lecture-notes.lec14_1999.pdf"
          identifierref="r_contents.lecture-notes.lec14_1999.pdf">
				<title>lec14_1999.pdf</title>
				</item>
				<item identifier="i_6-854j-advanced-algorithms-fall-2005.lecture-notes.fibheaps.pdf"
          identifierref="r_contents.lecture-notes.fibheaps.pdf">
				<title>fibheaps.pdf</title>
				</item>
				<item identifier="i_6-854j-advanced-algorithms-fall-2005.lecture-notes.n15_approx.pdf"
          identifierref="r_contents.lecture-notes.n15_approx.pdf">
				<title>n15_approx.pdf</title>
				</item>
				<item identifier="i_6-854j-advanced-algorithms-fall-2005.lecture-notes.suffix.pdf"
          identifierref="r_contents.lecture-notes.suffix.pdf">
				<title>suffix.pdf</title>
				</item>
				<item identifier="i_6-854j-advanced-algorithms-fall-2005.lecture-notes.persistent.pdf"
          identifierref="r_contents.lecture-notes.persistent.pdf">
				<title>persistent.pdf</title>
				</item>
				<item identifier="i_6-854j-advanced-algorithms-fall-2005.lecture-notes.n32parallel.pdf"
          identifierref="r_contents.lecture-notes.n32parallel.pdf">
				<title>n32parallel.pdf</title>
				</item>
				<item identifier="i_6-854j-advanced-algorithms-fall-2005.lecture-notes.lec11_2001.pdf"
          identifierref="r_contents.lecture-notes.lec11_2001.pdf">
				<title>lec11_2001.pdf</title>
				</item>
				<item identifier="i_6-854j-advanced-algorithms-fall-2005.lecture-notes.n6_hashing.pdf"
          identifierref="r_contents.lecture-notes.n6_hashing.pdf">
				<title>n6_hashing.pdf</title>
				</item>
				<item identifier="i_6-854j-advanced-algorithms-fall-2005.lecture-notes.min_cost_flow.pdf"
          identifierref="r_contents.lecture-notes.min_cost_flow.pdf">
				<title>min_cost_flow.pdf</title>
				</item>
				<item identifier="i_6-854j-advanced-algorithms-fall-2005.lecture-notes.n2_persistent.pdf"
          identifierref="r_contents.lecture-notes.n2_persistent.pdf">
				<title>n2_persistent.pdf</title>
				</item>
				<item identifier="i_6-854j-advanced-algorithms-fall-2005.lecture-notes.rasmu_sweepline.pdf"
          identifierref="r_contents.lecture-notes.rasmu_sweepline.pdf">
				<title>rasmu_sweepline.pdf</title>
				</item>
				<item identifier="i_6-854j-advanced-algorithms-fall-2005.lecture-notes.lec05_1999.pdf"
          identifierref="r_contents.lecture-notes.lec05_1999.pdf">
				<title>lec05_1999.pdf</title>
				</item>
				<item identifier="i_6-854j-advanced-algorithms-fall-2005.lecture-notes.n28_external.pdf"
          identifierref="r_contents.lecture-notes.n28_external.pdf">
				<title>n28_external.pdf</title>
				</item>
				<item identifier="i_6-854j-advanced-algorithms-fall-2005.lecture-notes.lec10_2003.pdf"
          identifierref="r_contents.lecture-notes.lec10_2003.pdf">
				<title>lec10_2003.pdf</title>
				</item>
				<item identifier="i_6-854j-advanced-algorithms-fall-2005.lecture-notes.n22_fixedparam.pdf"
          identifierref="r_contents.lecture-notes.n22_fixedparam.pdf">
				<title>n22_fixedparam.pdf</title>
				</item>
				<item identifier="i_6-854j-advanced-algorithms-fall-2005.lecture-notes.n10_mincostflow.pdf"
          identifierref="r_contents.lecture-notes.n10_mincostflow.pdf">
				<title>n10_mincostflow.pdf</title>
				</item>
			</item>
            <item identifier="i_6-854j-advanced-algorithms-fall-2005.assignments"
                  identifierref="r_contents.assignments.index.htm"
                  ocw:sectionTemplateType="CourseSection"
                  ocw:sectionTemplateVersion="2016-2-7">
				<title>Assignments</title>
				<item identifier="i_6-854j-advanced-algorithms-fall-2005.assignments.sol9.pdf"
          identifierref="r_contents.assignments.sol9.pdf">
				<title>sol9.pdf</title>
				</item>
				<item identifier="i_6-854j-advanced-algorithms-fall-2005.assignments.sol5.pdf"
          identifierref="r_contents.assignments.sol5.pdf">
				<title>sol5.pdf</title>
				</item>
				<item identifier="i_6-854j-advanced-algorithms-fall-2005.assignments.sol1.pdf"
          identifierref="r_contents.assignments.sol1.pdf">
				<title>sol1.pdf</title>
				</item>
				<item identifier="i_6-854j-advanced-algorithms-fall-2005.assignments.ps9.pdf"
          identifierref="r_contents.assignments.ps9.pdf">
				<title>ps9.pdf</title>
				</item>
				<item identifier="i_6-854j-advanced-algorithms-fall-2005.assignments.ps2.pdf"
          identifierref="r_contents.assignments.ps2.pdf">
				<title>ps2.pdf</title>
				</item>
				<item identifier="i_6-854j-advanced-algorithms-fall-2005.assignments.sol10.pdf"
          identifierref="r_contents.assignments.sol10.pdf">
				<title>sol10.pdf</title>
				</item>
				<item identifier="i_6-854j-advanced-algorithms-fall-2005.assignments.ps1.pdf"
          identifierref="r_contents.assignments.ps1.pdf">
				<title>ps1.pdf</title>
				</item>
				<item identifier="i_6-854j-advanced-algorithms-fall-2005.assignments.ps3.pdf"
          identifierref="r_contents.assignments.ps3.pdf">
				<title>ps3.pdf</title>
				</item>
				<item identifier="i_6-854j-advanced-algorithms-fall-2005.assignments.sol2.pdf"
          identifierref="r_contents.assignments.sol2.pdf">
				<title>sol2.pdf</title>
				</item>
				<item identifier="i_6-854j-advanced-algorithms-fall-2005.assignments.ps4.pdf"
          identifierref="r_contents.assignments.ps4.pdf">
				<title>ps4.pdf</title>
				</item>
				<item identifier="i_6-854j-advanced-algorithms-fall-2005.assignments.sol7.pdf"
          identifierref="r_contents.assignments.sol7.pdf">
				<title>sol7.pdf</title>
				</item>
				<item identifier="i_6-854j-advanced-algorithms-fall-2005.assignments.sol3.pdf"
          identifierref="r_contents.assignments.sol3.pdf">
				<title>sol3.pdf</title>
				</item>
				<item identifier="i_6-854j-advanced-algorithms-fall-2005.assignments.sol8.pdf"
          identifierref="r_contents.assignments.sol8.pdf">
				<title>sol8.pdf</title>
				</item>
				<item identifier="i_6-854j-advanced-algorithms-fall-2005.assignments.ps6.pdf"
          identifierref="r_contents.assignments.ps6.pdf">
				<title>ps6.pdf</title>
				</item>
				<item identifier="i_6-854j-advanced-algorithms-fall-2005.assignments.sol4.pdf"
          identifierref="r_contents.assignments.sol4.pdf">
				<title>sol4.pdf</title>
				</item>
				<item identifier="i_6-854j-advanced-algorithms-fall-2005.assignments.ps10.pdf"
          identifierref="r_contents.assignments.ps10.pdf">
				<title>ps10.pdf</title>
				</item>
				<item identifier="i_6-854j-advanced-algorithms-fall-2005.assignments.ps11.pdf"
          identifierref="r_contents.assignments.ps11.pdf">
				<title>ps11.pdf</title>
				</item>
				<item identifier="i_6-854j-advanced-algorithms-fall-2005.assignments.sol11.pdf"
          identifierref="r_contents.assignments.sol11.pdf">
				<title>sol11.pdf</title>
				</item>
				<item identifier="i_6-854j-advanced-algorithms-fall-2005.assignments.ps5.pdf"
          identifierref="r_contents.assignments.ps5.pdf">
				<title>ps5.pdf</title>
				</item>
				<item identifier="i_6-854j-advanced-algorithms-fall-2005.assignments.sol6.pdf"
          identifierref="r_contents.assignments.sol6.pdf">
				<title>sol6.pdf</title>
				</item>
				<item identifier="i_6-854j-advanced-algorithms-fall-2005.assignments.ps8.pdf"
          identifierref="r_contents.assignments.ps8.pdf">
				<title>ps8.pdf</title>
				</item>
				<item identifier="i_6-854j-advanced-algorithms-fall-2005.assignments.ps12.pdf"
          identifierref="r_contents.assignments.ps12.pdf">
				<title>ps12.pdf</title>
				</item>
				<item identifier="i_6-854j-advanced-algorithms-fall-2005.assignments.ps7_new.pdf"
          identifierref="r_contents.assignments.ps7_new.pdf">
				<title>ps7_new.pdf</title>
				</item>
			</item>
            <item identifier="i_6-854j-advanced-algorithms-fall-2005.projects"
                  identifierref="r_contents.projects.index.htm"
                  ocw:sectionTemplateType="CourseSection"
                  ocw:sectionTemplateVersion="2016-2-7">
				<title>Projects</title>
			</item>
            <item identifier="i_terms"
                  identifierref="r_common.terms.index.htm"
                  ocw:sectionTemplateType="GlobalSection"
                  ocw:sectionTemplateVersion="2016-2-7">
				<title>Legal Notices</title>
			</item>
            <item identifier="i_terms"
                  identifierref="r_common.terms.index.htm"
                  ocw:sectionTemplateType="GlobalSection"
                  ocw:sectionTemplateVersion="2016-2-7">
				<title>Privacy Statement</title>
			</item>
            <item identifier="i_terms.trademarks"
                  identifierref="r_common.terms.trademarks.index.htm"
                  ocw:sectionTemplateType="GlobalSection"
                  ocw:sectionTemplateVersion="2016-2-7">
				<title>Trademark Notices</title>
			</item>
        </organization>
    </organizations>
    <resources>
        <resource identifier="r_contents.lecture-notes.n0_intro.pdf"
                  type="other"
                  href="contents/lecture-notes/n0_intro.pdf">
            <metadata>
                <adlcp:location>contents/lecture-notes/n0_intro.pdf.xml</adlcp:location>
            </metadata>
            <file href="contents/lecture-notes/n0_intro.pdf"/>
                        
        </resource>
        <resource identifier="r_contents.lecture-notes.max_flow_dff.pdf"
                  type="other"
                  href="contents/lecture-notes/max_flow_dff.pdf">
            <metadata>
                <adlcp:location>contents/lecture-notes/max_flow_dff.pdf.xml</adlcp:location>
            </metadata>
            <file href="contents/lecture-notes/max_flow_dff.pdf"/>
                        
        </resource>
        <resource identifier="r_contents.projects.index.htm"
                  type="webcontent"
                  href="contents/projects/index.htm">
            <metadata>
                <adlcp:location>contents/projects/index.htm.xml</adlcp:location>
            </metadata>
            <file href="contents/projects/index.htm"/>
            <dependency identifierref="webrenderrequirements.6-854j-advanced-algorithms-fall-2005"/>            
        </resource>
        <resource identifier="r_contents.assignments.sol9.pdf"
                  type="other"
                  href="contents/assignments/sol9.pdf">
            <metadata>
                <adlcp:location>contents/assignments/sol9.pdf.xml</adlcp:location>
            </metadata>
            <file href="contents/assignments/sol9.pdf"/>
                        
        </resource>
        <resource identifier="r_contents.lecture-notes.n4_suffix.pdf"
                  type="other"
                  href="contents/lecture-notes/n4_suffix.pdf">
            <metadata>
                <adlcp:location>contents/lecture-notes/n4_suffix.pdf.xml</adlcp:location>
            </metadata>
            <file href="contents/lecture-notes/n4_suffix.pdf"/>
                        
        </resource>
        <resource identifier="r_contents.lecture-notes.n5_bucket.pdf"
                  type="other"
                  href="contents/lecture-notes/n5_bucket.pdf">
            <metadata>
                <adlcp:location>contents/lecture-notes/n5_bucket.pdf.xml</adlcp:location>
            </metadata>
            <file href="contents/lecture-notes/n5_bucket.pdf"/>
                        
        </resource>
        <resource identifier="r_contents.assignments.ps6.pdf"
                  type="other"
                  href="contents/assignments/ps6.pdf">
            <metadata>
                <adlcp:location>contents/assignments/ps6.pdf.xml</adlcp:location>
            </metadata>
            <file href="contents/assignments/ps6.pdf"/>
                        
        </resource>
        <resource identifier="r_contents.6-854jf05.jpg"
                  type="other" href="contents/6-854jf05.jpg">
            <metadata>
                <adlcp:location>contents/6-854jf05.jpg.xml</adlcp:location>
            </metadata>
            <file href="contents/6-854jf05.jpg"/>
                        
        </resource>
        <resource identifier="r_contents.lecture-notes.lec01_2003.pdf"
                  type="other"
                  href="contents/lecture-notes/lec01_2003.pdf">
            <metadata>
                <adlcp:location>contents/lecture-notes/lec01_2003.pdf.xml</adlcp:location>
            </metadata>
            <file href="contents/lecture-notes/lec01_2003.pdf"/>
                        
        </resource>
        <resource identifier="r_contents.lecture-notes.lec06_2003.pdf"
                  type="other"
                  href="contents/lecture-notes/lec06_2003.pdf">
            <metadata>
                <adlcp:location>contents/lecture-notes/lec06_2003.pdf.xml</adlcp:location>
            </metadata>
            <file href="contents/lecture-notes/lec06_2003.pdf"/>
                        
        </resource>
        <resource identifier="r_contents.assignments.ps9.pdf"
                  type="other"
                  href="contents/assignments/ps9.pdf">
            <metadata>
                <adlcp:location>contents/assignments/ps9.pdf.xml</adlcp:location>
            </metadata>
            <file href="contents/assignments/ps9.pdf"/>
                        
        </resource>
        <resource identifier="r_contents.assignments.sol6.pdf"
                  type="other"
                  href="contents/assignments/sol6.pdf">
            <metadata>
                <adlcp:location>contents/assignments/sol6.pdf.xml</adlcp:location>
            </metadata>
            <file href="contents/assignments/sol6.pdf"/>
                        
        </resource>
        <resource identifier="r_contents.lecture-notes.min_cost_flow.pdf"
                  type="other"
                  href="contents/lecture-notes/min_cost_flow.pdf">
            <metadata>
                <adlcp:location>contents/lecture-notes/min_cost_flow.pdf.xml</adlcp:location>
            </metadata>
            <file href="contents/lecture-notes/min_cost_flow.pdf"/>
                        
        </resource>
        <resource identifier="r_contents.lecture-notes.lec12_2003.pdf"
                  type="other"
                  href="contents/lecture-notes/lec12_2003.pdf">
            <metadata>
                <adlcp:location>contents/lecture-notes/lec12_2003.pdf.xml</adlcp:location>
            </metadata>
            <file href="contents/lecture-notes/lec12_2003.pdf"/>
                        
        </resource>
        <resource identifier="r_contents.assignments.ps11.pdf"
                  type="other"
                  href="contents/assignments/ps11.pdf">
            <metadata>
                <adlcp:location>contents/assignments/ps11.pdf.xml</adlcp:location>
            </metadata>
            <file href="contents/assignments/ps11.pdf"/>
                        
        </resource>
        <resource identifier="r_contents.assignments.sol5.pdf"
                  type="other"
                  href="contents/assignments/sol5.pdf">
            <metadata>
                <adlcp:location>contents/assignments/sol5.pdf.xml</adlcp:location>
            </metadata>
            <file href="contents/assignments/sol5.pdf"/>
                        
        </resource>
        <resource identifier="r_contents.assignments.sol4.pdf"
                  type="other"
                  href="contents/assignments/sol4.pdf">
            <metadata>
                <adlcp:location>contents/assignments/sol4.pdf.xml</adlcp:location>
            </metadata>
            <file href="contents/assignments/sol4.pdf"/>
                        
        </resource>
        <resource identifier="r_contents.lecture-notes.persistent.pdf"
                  type="other"
                  href="contents/lecture-notes/persistent.pdf">
            <metadata>
                <adlcp:location>contents/lecture-notes/persistent.pdf.xml</adlcp:location>
            </metadata>
            <file href="contents/lecture-notes/persistent.pdf"/>
                        
        </resource>
        <resource identifier="r_contents.assignments.ps3.pdf"
                  type="other"
                  href="contents/assignments/ps3.pdf">
            <metadata>
                <adlcp:location>contents/assignments/ps3.pdf.xml</adlcp:location>
            </metadata>
            <file href="contents/assignments/ps3.pdf"/>
                        
        </resource>
        <resource identifier="r_contents.lecture-notes.n25_geometry.pdf"
                  type="other"
                  href="contents/lecture-notes/n25_geometry.pdf">
            <metadata>
                <adlcp:location>contents/lecture-notes/n25_geometry.pdf.xml</adlcp:location>
            </metadata>
            <file href="contents/lecture-notes/n25_geometry.pdf"/>
                        
        </resource>
        <resource identifier="r_contents.lecture-notes.dzhang_splaytree.pdf"
                  type="other"
                  href="contents/lecture-notes/dzhang_splaytree.pdf">
            <metadata>
                <adlcp:location>contents/lecture-notes/dzhang_splaytree.pdf.xml</adlcp:location>
            </metadata>
            <file href="contents/lecture-notes/dzhang_splaytree.pdf"/>
                        
        </resource>
        <resource identifier="r_contents.lecture-notes.n28_external.pdf"
                  type="other"
                  href="contents/lecture-notes/n28_external.pdf">
            <metadata>
                <adlcp:location>contents/lecture-notes/n28_external.pdf.xml</adlcp:location>
            </metadata>
            <file href="contents/lecture-notes/n28_external.pdf"/>
                        
        </resource>
        <resource identifier="r_contents.assignments.sol2.pdf"
                  type="other"
                  href="contents/assignments/sol2.pdf">
            <metadata>
                <adlcp:location>contents/assignments/sol2.pdf.xml</adlcp:location>
            </metadata>
            <file href="contents/assignments/sol2.pdf"/>
                        
        </resource>
        <resource identifier="r_contents.lecture-notes.n32parallel.pdf"
                  type="other"
                  href="contents/lecture-notes/n32parallel.pdf">
            <metadata>
                <adlcp:location>contents/lecture-notes/n32parallel.pdf.xml</adlcp:location>
            </metadata>
            <file href="contents/lecture-notes/n32parallel.pdf"/>
                        
        </resource>
        <resource identifier="r_contents.lecture-notes.lec01_1999.pdf"
                  type="other"
                  href="contents/lecture-notes/lec01_1999.pdf">
            <metadata>
                <adlcp:location>contents/lecture-notes/lec01_1999.pdf.xml</adlcp:location>
            </metadata>
            <file href="contents/lecture-notes/lec01_1999.pdf"/>
                        
        </resource>
        <resource identifier="r_contents.lecture-notes.n10_mincostflow.pdf"
                  type="other"
                  href="contents/lecture-notes/n10_mincostflow.pdf">
            <metadata>
                <adlcp:location>contents/lecture-notes/n10_mincostflow.pdf.xml</adlcp:location>
            </metadata>
            <file href="contents/lecture-notes/n10_mincostflow.pdf"/>
                        
        </resource>
        <resource identifier="r_contents.lecture-notes.n7_flow.pdf"
                  type="other"
                  href="contents/lecture-notes/n7_flow.pdf">
            <metadata>
                <adlcp:location>contents/lecture-notes/n7_flow.pdf.xml</adlcp:location>
            </metadata>
            <file href="contents/lecture-notes/n7_flow.pdf"/>
                        
        </resource>
        <resource identifier="r_contents.lecture-notes.lec05_1999.pdf"
                  type="other"
                  href="contents/lecture-notes/lec05_1999.pdf">
            <metadata>
                <adlcp:location>contents/lecture-notes/lec05_1999.pdf.xml</adlcp:location>
            </metadata>
            <file href="contents/lecture-notes/lec05_1999.pdf"/>
                        
        </resource>
        <resource identifier="r_contents.lecture-notes.ragnarok.pdf"
                  type="other"
                  href="contents/lecture-notes/ragnarok.pdf">
            <metadata>
                <adlcp:location>contents/lecture-notes/ragnarok.pdf.xml</adlcp:location>
            </metadata>
            <file href="contents/lecture-notes/ragnarok.pdf"/>
                        
        </resource>
        <resource identifier="r_contents.lecture-notes.veb.pdf"
                  type="other"
                  href="contents/lecture-notes/veb.pdf">
            <metadata>
                <adlcp:location>contents/lecture-notes/veb.pdf.xml</adlcp:location>
            </metadata>
            <file href="contents/lecture-notes/veb.pdf"/>
                        
        </resource>
        <resource identifier="r_contents.assignments.sol1.pdf"
                  type="other"
                  href="contents/assignments/sol1.pdf">
            <metadata>
                <adlcp:location>contents/assignments/sol1.pdf.xml</adlcp:location>
            </metadata>
            <file href="contents/assignments/sol1.pdf"/>
                        
        </resource>
        <resource identifier="r_contents.assignments.ps10.pdf"
                  type="other"
                  href="contents/assignments/ps10.pdf">
            <metadata>
                <adlcp:location>contents/assignments/ps10.pdf.xml</adlcp:location>
            </metadata>
            <file href="contents/assignments/ps10.pdf"/>
                        
        </resource>
        <resource identifier="r_contents.lecture-notes.lec10_2003.pdf"
                  type="other"
                  href="contents/lecture-notes/lec10_2003.pdf">
            <metadata>
                <adlcp:location>contents/lecture-notes/lec10_2003.pdf.xml</adlcp:location>
            </metadata>
            <file href="contents/lecture-notes/lec10_2003.pdf"/>
                        
        </resource>
        <resource identifier="r_contents.lecture-notes.dualitynotes.pdf"
                  type="other"
                  href="contents/lecture-notes/dualitynotes.pdf">
            <metadata>
                <adlcp:location>contents/lecture-notes/dualitynotes.pdf.xml</adlcp:location>
            </metadata>
            <file href="contents/lecture-notes/dualitynotes.pdf"/>
                        
        </resource>
        <resource identifier="r_contents.lecture-notes.lec11_2001.pdf"
                  type="other"
                  href="contents/lecture-notes/lec11_2001.pdf">
            <metadata>
                <adlcp:location>contents/lecture-notes/lec11_2001.pdf.xml</adlcp:location>
            </metadata>
            <file href="contents/lecture-notes/lec11_2001.pdf"/>
                        
        </resource>
        <resource identifier="r_contents.assignments.ps1.pdf"
                  type="other"
                  href="contents/assignments/ps1.pdf">
            <metadata>
                <adlcp:location>contents/assignments/ps1.pdf.xml</adlcp:location>
            </metadata>
            <file href="contents/assignments/ps1.pdf"/>
                        
        </resource>
        <resource identifier="r_contents.lecture-notes.lec15_2003.pdf"
                  type="other"
                  href="contents/lecture-notes/lec15_2003.pdf">
            <metadata>
                <adlcp:location>contents/lecture-notes/lec15_2003.pdf.xml</adlcp:location>
            </metadata>
            <file href="contents/lecture-notes/lec15_2003.pdf"/>
                        
        </resource>
        <resource identifier="r_contents.lecture-notes.lec13_2001.pdf"
                  type="other"
                  href="contents/lecture-notes/lec13_2001.pdf">
            <metadata>
                <adlcp:location>contents/lecture-notes/lec13_2001.pdf.xml</adlcp:location>
            </metadata>
            <file href="contents/lecture-notes/lec13_2001.pdf"/>
                        
        </resource>
        <resource identifier="r_contents.lecture-notes.lec14_1999.pdf"
                  type="other"
                  href="contents/lecture-notes/lec14_1999.pdf">
            <metadata>
                <adlcp:location>contents/lecture-notes/lec14_1999.pdf.xml</adlcp:location>
            </metadata>
            <file href="contents/lecture-notes/lec14_1999.pdf"/>
                        
        </resource>
        <resource identifier="r_contents.assignments.sol7.pdf"
                  type="other"
                  href="contents/assignments/sol7.pdf">
            <metadata>
                <adlcp:location>contents/assignments/sol7.pdf.xml</adlcp:location>
            </metadata>
            <file href="contents/assignments/sol7.pdf"/>
                        
        </resource>
        <resource identifier="r_contents.readings.index.htm"
                  type="webcontent"
                  href="contents/readings/index.htm">
            <metadata>
                <adlcp:location>contents/readings/index.htm.xml</adlcp:location>
            </metadata>
            <file href="contents/readings/index.htm"/>
            <dependency identifierref="webrenderrequirements.6-854j-advanced-algorithms-fall-2005"/>            
        </resource>
        <resource identifier="r_contents.lecture-notes.n22_fixedparam.pdf"
                  type="other"
                  href="contents/lecture-notes/n22_fixedparam.pdf">
            <metadata>
                <adlcp:location>contents/lecture-notes/n22_fixedparam.pdf.xml</adlcp:location>
            </metadata>
            <file href="contents/lecture-notes/n22_fixedparam.pdf"/>
                        
        </resource>
        <resource identifier="r_contents.lecture-notes.n6_hashing.pdf"
                  type="other"
                  href="contents/lecture-notes/n6_hashing.pdf">
            <metadata>
                <adlcp:location>contents/lecture-notes/n6_hashing.pdf.xml</adlcp:location>
            </metadata>
            <file href="contents/lecture-notes/n6_hashing.pdf"/>
                        
        </resource>
        <resource identifier="r_contents.assignments.ps12.pdf"
                  type="other"
                  href="contents/assignments/ps12.pdf">
            <metadata>
                <adlcp:location>contents/assignments/ps12.pdf.xml</adlcp:location>
            </metadata>
            <file href="contents/assignments/ps12.pdf"/>
                        
        </resource>
        <resource identifier="r_contents.lecture-notes.lec02_2003.pdf"
                  type="other"
                  href="contents/lecture-notes/lec02_2003.pdf">
            <metadata>
                <adlcp:location>contents/lecture-notes/lec02_2003.pdf.xml</adlcp:location>
            </metadata>
            <file href="contents/lecture-notes/lec02_2003.pdf"/>
                        
        </resource>
        <resource identifier="r_contents.index.htm"
                  type="webcontent"
                  href="contents/index.htm">
            <metadata>
                <adlcp:location>contents/index.htm.xml</adlcp:location>
            </metadata>
            <file href="contents/index.htm"/>
            <dependency identifierref="webrenderrequirements.6-854j-advanced-algorithms-fall-2005"/>            
        </resource>
        <resource identifier="r_contents.lecture-notes.n2_persistent.pdf"
                  type="other"
                  href="contents/lecture-notes/n2_persistent.pdf">
            <metadata>
                <adlcp:location>contents/lecture-notes/n2_persistent.pdf.xml</adlcp:location>
            </metadata>
            <file href="contents/lecture-notes/n2_persistent.pdf"/>
                        
        </resource>
        <resource identifier="r_contents.lecture-notes.fibheaps.pdf"
                  type="other"
                  href="contents/lecture-notes/fibheaps.pdf">
            <metadata>
                <adlcp:location>contents/lecture-notes/fibheaps.pdf.xml</adlcp:location>
            </metadata>
            <file href="contents/lecture-notes/fibheaps.pdf"/>
                        
        </resource>
        <resource identifier="r_contents.syllabus.index.htm"
                  type="webcontent"
                  href="contents/syllabus/index.htm">
            <metadata>
                <adlcp:location>contents/syllabus/index.htm.xml</adlcp:location>
            </metadata>
            <file href="contents/syllabus/index.htm"/>
            <dependency identifierref="webrenderrequirements.6-854j-advanced-algorithms-fall-2005"/>            
        </resource>
        <resource identifier="r_contents.assignments.sol3.pdf"
                  type="other"
                  href="contents/assignments/sol3.pdf">
            <metadata>
                <adlcp:location>contents/assignments/sol3.pdf.xml</adlcp:location>
            </metadata>
            <file href="contents/assignments/sol3.pdf"/>
                        
        </resource>
        <resource identifier="r_contents.lecture-notes.lec18_2003.pdf"
                  type="other"
                  href="contents/lecture-notes/lec18_2003.pdf">
            <metadata>
                <adlcp:location>contents/lecture-notes/lec18_2003.pdf.xml</adlcp:location>
            </metadata>
            <file href="contents/lecture-notes/lec18_2003.pdf"/>
                        
        </resource>
        <resource identifier="r_contents.lecture-notes.n1_fibonacci.pdf"
                  type="other"
                  href="contents/lecture-notes/n1_fibonacci.pdf">
            <metadata>
                <adlcp:location>contents/lecture-notes/n1_fibonacci.pdf.xml</adlcp:location>
            </metadata>
            <file href="contents/lecture-notes/n1_fibonacci.pdf"/>
                        
        </resource>
        <resource identifier="r_contents.calendar.index.htm"
                  type="webcontent"
                  href="contents/calendar/index.htm">
            <metadata>
                <adlcp:location>contents/calendar/index.htm.xml</adlcp:location>
            </metadata>
            <file href="contents/calendar/index.htm"/>
            <dependency identifierref="webrenderrequirements.6-854j-advanced-algorithms-fall-2005"/>            
        </resource>
        <resource identifier="r_contents.assignments.ps5.pdf"
                  type="other"
                  href="contents/assignments/ps5.pdf">
            <metadata>
                <adlcp:location>contents/assignments/ps5.pdf.xml</adlcp:location>
            </metadata>
            <file href="contents/assignments/ps5.pdf"/>
                        
        </resource>
        <resource identifier="r_contents.assignments.ps4.pdf"
                  type="other"
                  href="contents/assignments/ps4.pdf">
            <metadata>
                <adlcp:location>contents/assignments/ps4.pdf.xml</adlcp:location>
            </metadata>
            <file href="contents/assignments/ps4.pdf"/>
                        
        </resource>
        <resource identifier="r_contents.lecture-notes.index.htm"
                  type="webcontent"
                  href="contents/lecture-notes/index.htm">
            <metadata>
                <adlcp:location>contents/lecture-notes/index.htm.xml</adlcp:location>
            </metadata>
            <file href="contents/lecture-notes/index.htm"/>
            <dependency identifierref="webrenderrequirements.6-854j-advanced-algorithms-fall-2005"/>            
        </resource>
        <resource identifier="r_contents.assignments.sol10.pdf"
                  type="other"
                  href="contents/assignments/sol10.pdf">
            <metadata>
                <adlcp:location>contents/assignments/sol10.pdf.xml</adlcp:location>
            </metadata>
            <file href="contents/assignments/sol10.pdf"/>
                        
        </resource>
        <resource identifier="r_contents.lecture-notes.n15_approx.pdf"
                  type="other"
                  href="contents/lecture-notes/n15_approx.pdf">
            <metadata>
                <adlcp:location>contents/lecture-notes/n15_approx.pdf.xml</adlcp:location>
            </metadata>
            <file href="contents/lecture-notes/n15_approx.pdf"/>
                        
        </resource>
        <resource identifier="r_contents.assignments.ps7_new.pdf"
                  type="other"
                  href="contents/assignments/ps7_new.pdf">
            <metadata>
                <adlcp:location>contents/assignments/ps7_new.pdf.xml</adlcp:location>
            </metadata>
            <file href="contents/assignments/ps7_new.pdf"/>
                        
        </resource>
        <resource identifier="r_contents.lecture-notes.n3_splay.pdf"
                  type="other"
                  href="contents/lecture-notes/n3_splay.pdf">
            <metadata>
                <adlcp:location>contents/lecture-notes/n3_splay.pdf.xml</adlcp:location>
            </metadata>
            <file href="contents/lecture-notes/n3_splay.pdf"/>
                        
        </resource>
        <resource identifier="r_contents.lecture-notes.lec14_2003.pdf"
                  type="other"
                  href="contents/lecture-notes/lec14_2003.pdf">
            <metadata>
                <adlcp:location>contents/lecture-notes/lec14_2003.pdf.xml</adlcp:location>
            </metadata>
            <file href="contents/lecture-notes/lec14_2003.pdf"/>
                        
        </resource>
        <resource identifier="r_contents.assignments.index.htm"
                  type="webcontent"
                  href="contents/assignments/index.htm">
            <metadata>
                <adlcp:location>contents/assignments/index.htm.xml</adlcp:location>
            </metadata>
            <file href="contents/assignments/index.htm"/>
            <dependency identifierref="webrenderrequirements.6-854j-advanced-algorithms-fall-2005"/>            
        </resource>
        <resource identifier="r_contents.assignments.sol8.pdf"
                  type="other"
                  href="contents/assignments/sol8.pdf">
            <metadata>
                <adlcp:location>contents/assignments/sol8.pdf.xml</adlcp:location>
            </metadata>
            <file href="contents/assignments/sol8.pdf"/>
                        
        </resource>
        <resource identifier="r_contents.6-854jf05-th.jpg"
                  type="other"
                  href="contents/6-854jf05-th.jpg">
            <metadata>
                <adlcp:location>contents/6-854jf05-th.jpg.xml</adlcp:location>
            </metadata>
            <file href="contents/6-854jf05-th.jpg"/>
                        
        </resource>
        <resource identifier="r_contents.assignments.ps2.pdf"
                  type="other"
                  href="contents/assignments/ps2.pdf">
            <metadata>
                <adlcp:location>contents/assignments/ps2.pdf.xml</adlcp:location>
            </metadata>
            <file href="contents/assignments/ps2.pdf"/>
                        
        </resource>
        <resource identifier="r_contents.lecture-notes.n23online.pdf"
                  type="other"
                  href="contents/lecture-notes/n23online.pdf">
            <metadata>
                <adlcp:location>contents/lecture-notes/n23online.pdf.xml</adlcp:location>
            </metadata>
            <file href="contents/lecture-notes/n23online.pdf"/>
                        
        </resource>
        <resource identifier="r_contents.assignments.ps8.pdf"
                  type="other"
                  href="contents/assignments/ps8.pdf">
            <metadata>
                <adlcp:location>contents/assignments/ps8.pdf.xml</adlcp:location>
            </metadata>
            <file href="contents/assignments/ps8.pdf"/>
                        
        </resource>
        <resource identifier="r_contents.lecture-notes.rasmu_sweepline.pdf"
                  type="other"
                  href="contents/lecture-notes/rasmu_sweepline.pdf">
            <metadata>
                <adlcp:location>contents/lecture-notes/rasmu_sweepline.pdf.xml</adlcp:location>
            </metadata>
            <file href="contents/lecture-notes/rasmu_sweepline.pdf"/>
                        
        </resource>
        <resource identifier="r_contents.lecture-notes.suffix.pdf"
                  type="other"
                  href="contents/lecture-notes/suffix.pdf">
            <metadata>
                <adlcp:location>contents/lecture-notes/suffix.pdf.xml</adlcp:location>
            </metadata>
            <file href="contents/lecture-notes/suffix.pdf"/>
                        
        </resource>
        <resource identifier="r_contents.assignments.sol11.pdf"
                  type="other"
                  href="contents/assignments/sol11.pdf">
            <metadata>
                <adlcp:location>contents/assignments/sol11.pdf.xml</adlcp:location>
            </metadata>
            <file href="contents/assignments/sol11.pdf"/>
                        
        </resource>        
        <resource identifier="r_common.search.AdvancedSearch.htm"
                  type="webcontent"
                  href="common/search/AdvancedSearch.htm">
            <file href="common/search/AdvancedSearch.htm"/>
            <dependency identifierref="webrenderrequirements.6-854j-advanced-algorithms-fall-2005"/>            
        </resource>
        <resource identifier="r_common.jsp.feedback.htm"
                  type="webcontent"
                  href="common/jsp/feedback.htm">
            <file href="common/jsp/feedback.htm"/>
            <dependency identifierref="webrenderrequirements.6-854j-advanced-algorithms-fall-2005"/>            
        </resource>
        <resource identifier="r_common.terms.index.htm"
                  type="webcontent"
                  href="common/terms/index.htm">
            <file href="common/terms/by.png"/>
            <file href="common/terms/nc.png"/>
            <file href="common/terms/sa.png"/>
            <file href="common/terms/deedheadyellow.png"/>
            <file href="common/terms/freedomsheader.png"/>
            <file href="common/terms/limitationsheader.png"/>
            <file href="common/terms/understandingheader.jpg"/>
            <file href="common/terms/deedfootyellow.png"/>
            <dependency identifierref="webrenderrequirements.6-854j-advanced-algorithms-fall-2005"/>            
        </resource>
        <resource identifier="r_common.terms.trademarks.index.htm"
                  type="webcontent"
                  href="common/terms/trademarks/index.htm">
            <file href="common/terms/trademarks/index.htm"/>
            <dependency identifierref="webrenderrequirements.6-854j-advanced-algorithms-fall-2005"/>            
        </resource>
        <resource identifier="webrenderrequirements.6-854j-advanced-algorithms-fall-2005"
                  type="webcontent">
        	<file href="common/styles/base.css"/>
        	<file href="common/styles/courses.css"/>
        	<file href="common/styles/courses_new.css"/>
        	<file href="common/styles/educator.css"/>
        	<file href="common/styles/global.css"/>
        	<file href="common/styles/grid.css"/>
        	<file href="common/styles/highslide.css"/>
        	<file href="common/styles/highslide-ie6.css"/>
        	<file href="common/styles/jquery.bubblepopup.css"/>
        	<file href="common/styles/jquery.jscrollpane.css"/>
        	<file href="common/styles/jquery-ui.css"/>
        	<file href="common/styles/menu.css"/>
        	<file href="common/styles/scholar2.css"/>
        	<file href="common/styles/media_tabs.css"/>
        	<file href="common/scripts/bubble-popup-offline.js"/>
        	<file href="common/scripts/jquery.js"/>
        	<file href="common/scripts/ocw-media-utils.js"/>
        	<file href="common/scripts/ocw-media-utils-offline.js"/>
        	<file href="common/scripts/highslide-with-gallery.js"/>
        	<file href="common/scripts/jquery.bubblepopup.min.js"/>
        	<file href="common/scripts/jquery.jscrollpane.min.js"/>
        	<file href="common/scripts/jquery-ui.min.js"/>
        	<file href="common/scripts/jQuizMe-uncompressed.js"/>
        	<file href="common/scripts/ocw-offline.js"/>
        	<file href="common/scripts/expandy.js"/>
        	<file href="common/scripts/chart.js"/>
        	<file href="common/scripts/jquery.anythingslider.js"/>
        	<file href="common/images/ocw_mast.png"/>
        	<file href="common/images/button_subscribe.png"/>
        	<file href="common/images/icon_fb.png"/>
        	<file href="common/images/icon_gp.png"/>
        	<file href="common/images/icon_pin.png"/>
        	<file href="common/images/icon_tw.png"/>
        	<file href="common/images/icon-question-ovt.png"/>
        	<file href="common/images/icon-question-svt.png"/>
        	<file href="common/images/icon-question-avt.png"/>
        	<file href="common/images/top-nav_home.png"/>
        	<file href="common/images/button_search.png"/>
        	<file href="common/images/bg_top.png"/>
        	<file href="common/images/bg_social.png"/>
        	<file href="common/images/bg_social2.png"/>
        	<file href="common/images/bg_mega-courses.png"/>
        	<file href="common/images/bg_center2.png"/>
        	<file href="common/images/bg_course-nav_current.png"/>
        	<file href="common/images/button_donate-now.png"/>
        	<file href="common/images/logo_mit.png"/>
        	<file href="common/images/logo_ocwc.gif"/>
        	<file href="common/images/cc_by-nc-sa.png"/>
        	<file href="common/images/logo_dow.png"/>
        	<file href="common/images/logo_lockheed.png"/>
        	<file href="common/images/logo_mathworks.png"/>
        	<file href="common/images/logo_abinitio.png"/>
        	<file href="common/images/logo_sapient.png"/>
        	<file href="common/images/bg_bottom.png"/>
        	<file href="common/images/nav_arrow.png"/>
        	<file href="common/images/news-subscibe_bg.png"/>
        	<file href="common/images/black-arrow.gif"/>
        	<file href="common/images/trans.gif"/>
        	<file href="common/images/arrow-bullet.gif"/>
        	<file href="common/images/apple-touch-icon.png"/>
        	<file href="common/images/highslide/graphics/zoomin.cur"/>
        	<file href="common/images/highslide/graphics/zoomout.cur"/>
        	<file href="common/images/highslide/graphics/controlbar2.gif"/>
        	<file href="common/images/highslide/graphics/controlbar3.gif"/>
        	<file href="common/images/highslide/graphics/controlbar4.gif"/>
        	<file href="common/images/highslide/graphics/controlbar4-hover.gif"/>
        	<file href="common/images/highslide/graphics/controlbar-black-border.gif"/>
        	<file href="common/images/highslide/graphics/controlbar-white.gif"/>
        	<file href="common/images/highslide/graphics/controlbar-white-small.gif"/>
        	<file href="common/images/highslide/graphics/fullexpand.gif"/>
        	<file href="common/images/highslide/graphics/icon.gif"/>
        	<file href="common/images/highslide/graphics/loader.gif"/>
        	<file href="common/images/highslide/graphics/loader.white.gif"/>
        	<file href="common/images/highslide/graphics/resize.gif"/>
        	<file href="common/images/highslide/graphics/close.png"/>
        	<file href="common/images/highslide/graphics/closeX.png"/>
        	<file href="common/images/highslide/graphics/controlbar-text-buttons.png"/>
        	<file href="common/images/highslide/graphics/geckodimmer.png"/>
        	<file href="common/images/highslide/graphics/scrollarrows.png"/>
        	<file href="common/images/highslide/graphics/outlines/beveled.png"/>
        	<file href="common/images/highslide/graphics/outlines/drop-shadow.png"/>
        	<file href="common/images/highslide/graphics/outlines/glossy-dark.png"/>
        	<file href="common/images/highslide/graphics/outlines/outer-glow.png"/>
        	<file href="common/images/highslide/graphics/outlines/rounded-black.png"/>
        	<file href="common/images/highslide/graphics/outlines/rounded-white.png"/>
        	<file href="common/images/highslide/graphics/outlines/Outlines.psd"/>
        	<file href="common/images/button_continue.jpg"/>
        	<file href="common/images/button_donate.jpg"/>
        	<file href="common/images/button_start.jpg"/>
        	<file href="common/images/scholar_bar_chp.png"/>
        	<file href="common/images/scholar_bar.png"/>
        	<file href="common/images/logo_pdf.jpg"/>
        	<file href="common/images/h2_trigger_open_close.gif"/>
        	<file href="common/images/bookmark.gif"/>
        	<file href="common/images/check.png"/>
        	<file href="common/images/lightbulb.png"/>
        	<file href="common/images/audio_file.gif"/>
        	<file href="common/images/audio_only_slate.gif"/>
        	<file href="common/images/video_file.gif"/>
        	<file href="common/images/back-5.png"/>
        	<file href="common/images/btn_next_resource.png"/>
        	<file href="common/images/btn_previous_resource.png"/>
        	<file href="common/images/close.png"/>
        	<file href="common/images/inacessible.gif"/>
        	<file href="common/images/jquerybubblepopup-theme/grey/ie/bottom-left.gif"/>
        	<file href="common/images/jquerybubblepopup-theme/grey/ie/bottom-middle.gif"/>
        	<file href="common/images/jquerybubblepopup-theme/grey/ie/bottom-right.gif"/>
        	<file href="common/images/jquerybubblepopup-theme/grey/ie/middle-left.gif"/>
        	<file href="common/images/jquerybubblepopup-theme/grey/ie/middle-right.gif"/>
        	<file href="common/images/jquerybubblepopup-theme/grey/ie/tail-bottom.gif"/>
        	<file href="common/images/jquerybubblepopup-theme/grey/ie/tail-left.gif"/>
        	<file href="common/images/jquerybubblepopup-theme/grey/ie/tail-right.gif"/>
        	<file href="common/images/jquerybubblepopup-theme/grey/ie/tail-top.gif"/>
        	<file href="common/images/jquerybubblepopup-theme/grey/ie/top-left.gif"/>
        	<file href="common/images/jquerybubblepopup-theme/grey/ie/top-middle.gif"/>
        	<file href="common/images/jquerybubblepopup-theme/grey/ie/top-right.gif"/>
        	<file href="common/images/jquerybubblepopup-theme/grey/bottom-left.png"/>
        	<file href="common/images/jquerybubblepopup-theme/grey/bottom-middle.png"/>
        	<file href="common/images/jquerybubblepopup-theme/grey/bottom-right.png"/>
        	<file href="common/images/jquerybubblepopup-theme/grey/middle-left.png"/>
        	<file href="common/images/jquerybubblepopup-theme/grey/middle-right.png"/>
        	<file href="common/images/jquerybubblepopup-theme/grey/tail-bottom.png"/>
        	<file href="common/images/jquerybubblepopup-theme/grey/tail-left.png"/>
        	<file href="common/images/jquerybubblepopup-theme/grey/tail-right.png"/>
        	<file href="common/images/jquerybubblepopup-theme/grey/tail-top.png"/>
        	<file href="common/images/jquerybubblepopup-theme/grey/top-left.png"/>
        	<file href="common/images/jquerybubblepopup-theme/grey/top-middle.png"/>
        	<file href="common/images/jquerybubblepopup-theme/grey/top-right.png"/>
        	<file href="common/images/educator/classroom_next.png"/>
        	<file href="common/images/educator/classroom_next_dim.png"/>
        	<file href="common/images/educator/classroom_prev.png"/>
        	<file href="common/images/educator/classroom_prev_dim.png"/>
        	<file href="common/images/educator/edu_b-blank.png"/>
        	<file href="common/images/educator/edu_b-blank-key.png"/>
        	<file href="common/images/educator/edu_b-duedate.png"/>
        	<file href="common/images/educator/edu_b-duedate-key.png"/>
        	<file href="common/images/educator/edu_b-exam.png"/>
        	<file href="common/images/educator/edu_b-exam-key.png"/>
        	<file href="common/images/educator/edu_b-lab.png"/>
        	<file href="common/images/educator/edu_b-lab-key.png"/>
        	<file href="common/images/educator/edu_b-lab-team.png"/>
        	<file href="common/images/educator/edu_b-lab-duedate.png"/>
        	<file href="common/images/educator/edu_b-leclab.png"/>
        	<file href="common/images/educator/edu_b-leclab-key.png"/>
        	<file href="common/images/educator/edu_b-lecture.png"/>
        	<file href="common/images/educator/edu_b-lecture-duedate.png"/>
        	<file href="common/images/educator/edu_b-lecture-exam.png"/>
        	<file href="common/images/educator/edu_b-lecture-key.png"/>
        	<file href="common/images/educator/edu_b-lecture-lunch.png"/>
        	<file href="common/images/educator/edu_b-lecture-preslab.png"/>
        	<file href="common/images/educator/edu_b-lecture-quiz.png"/>
        	<file href="common/images/educator/edu_b-lecture-team.png"/>
        	<file href="common/images/educator/edu_b-lecrec-key.png"/>
        	<file href="common/images/educator/edu_b-leclab-duedate.png"/>
        	<file href="common/images/educator/edu_b-lecrec.png"/>
        	<file href="common/images/educator/edu_b-lecrec-duedate.png"/>
        	<file href="common/images/educator/edu_b-noclass-quiz.png"/>
        	<file href="common/images/educator/edu_b-lunch.png"/>
        	<file href="common/images/educator/edu_b-lunch-key.png"/>
        	<file href="common/images/educator/edu_b-noclass.png"/>
        	<file href="common/images/educator/edu_b-noclass-duedate.png"/>
        	<file href="common/images/educator/edu_b-noclass-exam.png"/>
        	<file href="common/images/educator/edu_b-noclass-key.png"/>
        	<file href="common/images/educator/edu_b-office.png"/>
        	<file href="common/images/educator/edu_b-office-key.png"/>
        	<file href="common/images/educator/edu_b-present.png"/>
        	<file href="common/images/educator/edu_b-present-duedate.png"/>
        	<file href="common/images/educator/edu_b-present-key.png"/>
        	<file href="common/images/educator/edu_b-preslab.png"/>
        	<file href="common/images/educator/edu_b-preslab-key.png"/>
        	<file href="common/images/educator/edu_b-quiz-key.png"/>
        	<file href="common/images/educator/edu_b-reclab-key.png"/>
        	<file href="common/images/educator/edu_b-reclab-concert.png"/>
        	<file href="common/images/educator/edu_b-reclab.png"/>
        	<file href="common/images/educator/edu_b-noclass-concert.png"/>
        	<file href="common/images/educator/edu_b-leclab-concert.png"/>
        	<file href="common/images/educator/edu_b-concert-key.png"/>
        	<file href="common/images/educator/edu_b-concert.png"/>
        	<file href="common/images/educator/edu_b-recitation.png"/>
        	<file href="common/images/educator/edu_b-recitation-duedate.png"/>
        	<file href="common/images/educator/edu_b-recitation-exam.png"/>
        	<file href="common/images/educator/edu_b-recitation-key.png"/>
        	<file href="common/images/educator/edu_b-team.png"/>
        	<file href="common/images/educator/edu_b-team-key.png"/>
        	<file href="common/images/educator/edu_b-team-preslab.png"/>
        	<file href="common/images/educator/edu_b-work.png"/>
        	<file href="common/images/educator/edu_b-work-key.png"/>
        	<file href="common/images/educator/icon-question-cih.png"/>
        	<file href="common/images/educator/icon-question-cihw.png"/>
        	<file href="common/images/educator/icon-question-cim.png"/>
        	<file href="common/images/educator/icon-question-collab.png"/>
        	<file href="common/images/educator/icon-question-coop.png"/>
        	<file href="common/images/educator/icon-question-fas.png"/>
        	<file href="common/images/educator/icon-question-gir.png"/>
        	<file href="common/images/educator/icon-question-hass.png"/>
        	<file href="common/images/educator/icon-question-hass-s.png"/>
        	<file href="common/images/educator/icon-question-iap.png"/>
        	<file href="common/images/educator/icon-question-lab.png"/>
        	<file href="common/images/educator/icon-question-urop.png"/>
        	<file href="common/images/educator/icon-question-active.png"/>
        	<file href="common/images/educator/icon-question-clickq.png"/>
        	<file href="common/images/educator/icon-question-conq.png"/>
        	<file href="common/images/educator/icon-question-flip.png"/>
        	<file href="common/images/educator/icon-question-form.png"/>
        	<file href="common/images/educator/icon-question-immed.png"/>
        	<file href="common/images/educator/icon-question-learn.png"/>
        	<file href="common/images/educator/icon-question-ped.png"/>
        	<file href="common/images/educator/icon-question-readq.png"/>
        	<file href="common/images/educator/icon-question-service.png"/>
        	<file href="common/images/educator/icon-question-sum.png"/>
        	<file href="common/webfonts/TitilliumText22L002-webfont.woff"/>
        	<file href="common/webfonts/TitilliumText22L002-webfont.ttf"/>
        	<file href="common/webfonts/TitilliumText22L002-webfont.svg"/>
        	<file href="common/webfonts/TitilliumText22L002-webfont.eot"/>
        	<file href="common/webfonts/TitilliumText22L003-webfont.woff"/>
        	<file href="common/webfonts/TitilliumText22L003-webfont.ttf"/>
        	<file href="common/webfonts/TitilliumText22L003-webfont.eot"/>
        	<file href="common/webfonts/TitilliumText22L003-webfont.svg"/>
        	<file href="common/webfonts/TitilliumText22L005-webfont.woff"/>
        	<file href="common/webfonts/TitilliumText22L005-webfont.ttf"/>
        	<file href="common/webfonts/TitilliumText22L005-webfont.svg"/>
        	<file href="common/webfonts/TitilliumText22L005-webfont.eot"/>
        </resource>        
  </resources>
</manifest>
