<?xml version="1.0" encoding="utf-8" ?>
<manifest xmlns="http://www.imsglobal.org/xsd/imscp_v1p1"
          xmlns:xsi="http://www.w3.org/2001/XMLSchema-instance"
          xmlns:adlcp="http://www.adlnet.org/xsd/adlcp_rootv1p2"
          xmlns:cwsp="http://www.dspace.org/xmlns/cwspace_imscp"
          xmlns:ocw="http://ocw.mit.edu/xmlns/ocw_imscp"
          xmlns:lom="http://ocw.mit.edu/xmlns/LOM"
          identifier="urn_edu.mit.ocw_6-046j-design-and-analysis-of-algorithms-spring-2012"
          version="2016-3-14T12:39:10"
          cwsp:packageType="Course"
          xml:base="6-046j-spring-2012/"
          xsi:schemaLocation="http://www.imsglobal.org/xsd/imscp_v1p1 http://www.imsglobal.org/xsd/imscp_v1p1.xsd  http://www.adlnet.org/xsd/adlcp_rootv1p2 http://www.adlnet.org/xsd/adlcp_rootv1p2.xsd http://www.dspace.org/xmlns/cwspace_imscp http://www.dspace.org/xsd/cwspace_imscp/version10/cwspace_imscpv10.xsd http://ocw.mit.edu/xmlns/ocw_imscp http://ocw.mit.edu/xsd/ocw_imscp/version10/ocw_imscpv10.xsd http://ocw.mit.edu/xmlns/LOM http://ocw.mit.edu/xsd/LOM/lomv1.0/lomv1.0.xsd">
   	<metadata>
   		<schema>IMS Content</schema>
        <schemaversion>1.1</schemaversion>
        <cwsp:packageMetadata>
            <cwsp:sourceSystem>OCW</cwsp:sourceSystem>
            <cwsp:profile>CWSpace</cwsp:profile>
            <cwsp:profileVersion>0.1</cwsp:profileVersion>
        </cwsp:packageMetadata>
        <lom:general uniqueElementName="general">
            <lom:title uniqueElementName="title">
				<lom:string language="en">Design and Analysis of Algorithms</lom:string>
			</lom:title>
			<lom:identifier>
				<lom:catalog uniqueElementName="catalog">OCW Master Course Number</lom:catalog>
		      	<lom:entry uniqueElementName="entry">6.046J</lom:entry>
			</lom:identifier>
			<lom:identifier>
				<lom:catalog uniqueElementName="catalog">OCW Linked Course Number</lom:catalog>
		      	<lom:entry uniqueElementName="entry">18.410J</lom:entry>
			</lom:identifier>
        </lom:general>
        <lom:lifecycle uniqueElementName="lifeCycle">
            <lom:version uniqueElementName="version">
				<lom:string language="en">Spring 2012</lom:string>
			</lom:version>
            <lom:contribute>
	            <lom:role>
	                <lom:source uniqueElementName="source">OCW_LOMv1.0</lom:source>
	                <lom:value uniqueElementName="value">Author</lom:value>
	            </lom:role>
	            <lom:entity>Moshkovitz, Dana</lom:entity>
	            <lom:date uniqueElementName="date">
	                <lom:dateTime uniqueElementName="dateTime">2016-3-14</lom:dateTime>
	            </lom:date>
        	</lom:contribute>
            <lom:contribute>
	            <lom:role>
	                <lom:source uniqueElementName="source">OCW_LOMv1.0</lom:source>
	                <lom:value uniqueElementName="value">Author</lom:value>
	            </lom:role>
	            <lom:entity>Tidor, Bruce</lom:entity>
	            <lom:date uniqueElementName="date">
	                <lom:dateTime uniqueElementName="dateTime">2016-3-14</lom:dateTime>
	            </lom:date>
        	</lom:contribute>
        </lom:lifecycle>
        <lom:taxonPath>
            <lom:source uniqueElementName="source">
                <lom:string language="en">OCW Course Topics</lom:string>
            </lom:source>
            <lom:taxon>
                <lom:entry uniqueElementName="entry">
                    <lom:string language="en">Engineering</lom:string>
                </lom:entry>
            </lom:taxon>
            <lom:taxon>
                <lom:entry uniqueElementName="entry">
                    <lom:string language="en">Computer Science</lom:string>
                </lom:entry>
            </lom:taxon>
            <lom:taxon>
                <lom:entry uniqueElementName="entry">
                    <lom:string language="en">Algorithms and Data Structures</lom:string>
                </lom:entry>
            </lom:taxon>
        </lom:taxonPath>        
        <adlcp:location>contents/index.htm.xml</adlcp:location>
    </metadata>
    <organizations default="ocw_6-046j-design-and-analysis-of-algorithms-spring-2012">
        <organization identifier="ocw_6-046j-design-and-analysis-of-algorithms-spring-2012">
            <title>Design and Analysis of Algorithms</title>
            <item identifier="i_6-046j-design-and-analysis-of-algorithms-spring-2012.CourseHome"
                  identifierref="r_contents.index.htm"
                  ocw:sectionTemplateType="CourseHomePage"
                  ocw:sectionTemplateVersion="2016-3-14">
				<title>Design and Analysis of Algorithms</title>
				<item identifier="i_6-046j-design-and-analysis-of-algorithms-spring-2012.6-046js12.jpg"
          identifierref="r_contents.6-046js12.jpg">
				<title>6-046js12.jpg</title>
				</item>
				<item identifier="i_6-046j-design-and-analysis-of-algorithms-spring-2012.6-046js12-th.jpg"
          identifierref="r_contents.6-046js12-th.jpg">
				<title>6-046js12-th.jpg</title>
				</item>
			</item>
            <item identifier="i_6-046j-design-and-analysis-of-algorithms-spring-2012.recitations"
                  identifierref="r_contents.recitations.index.htm"
                  ocw:sectionTemplateType="CourseSection"
                  ocw:sectionTemplateVersion="2016-3-14">
				<title>Recitations</title>
				<item identifier="i_6-046j-design-and-analysis-of-algorithms-spring-2012.recitations.MIT6.046J_S12_rec10.pdf"
          identifierref="r_contents.recitations.MIT6.046J_S12_rec10.pdf">
				<title>6.046J Recitation 10: NP-hardness</title>
				</item>
				<item identifier="i_6-046j-design-and-analysis-of-algorithms-spring-2012.recitations.MIT6.046J_S12_rec12.pdf"
          identifierref="r_contents.recitations.MIT6.046J_S12_rec12.pdf">
				<title>6.046J Recitation 12: Sublinear algorithms, clustering</title>
				</item>
				<item identifier="i_6-046j-design-and-analysis-of-algorithms-spring-2012.recitations.MIT6.046J_S12_rec08.pdf"
          identifierref="r_contents.recitations.MIT6.046J_S12_rec08.pdf">
				<title>6.046J Recitation 8: Algorithm design tools</title>
				</item>
				<item identifier="i_6-046j-design-and-analysis-of-algorithms-spring-2012.recitations.MIT6.046J_S12_rec09.pdf"
          identifierref="r_contents.recitations.MIT6.046J_S12_rec09.pdf">
				<title>6.046J Recitation 9: van Emde Boas</title>
				</item>
			</item>
            <item identifier="i_6-046j-design-and-analysis-of-algorithms-spring-2012.Syllabus"
                  identifierref="r_contents.Syllabus.index.htm"
                  ocw:sectionTemplateType="CourseSection"
                  ocw:sectionTemplateVersion="2016-3-14">
				<title>Syllabus</title>
				<item identifier="i_6-046j-design-and-analysis-of-algorithms-spring-2012.Syllabus.course-objectives-and-outcomes"
          identifierref="r_contents.Syllabus.course-objectives-and-outcomes.index.htm">
				<title>Course Objectives and Outcomes</title>
				</item>
				<item identifier="i_6-046j-design-and-analysis-of-algorithms-spring-2012.Syllabus.collaboration-policy"
          identifierref="r_contents.Syllabus.collaboration-policy.index.htm">
				<title>Collaboration Policy</title>
				</item>
			</item>
            <item identifier="i_6-046j-design-and-analysis-of-algorithms-spring-2012.calendar"
                  identifierref="r_contents.calendar.index.htm"
                  ocw:sectionTemplateType="CourseSection"
                  ocw:sectionTemplateVersion="2016-3-14">
				<title>Calendar</title>
			</item>
            <item identifier="i_6-046j-design-and-analysis-of-algorithms-spring-2012.readings"
                  identifierref="r_contents.readings.index.htm"
                  ocw:sectionTemplateType="CourseSection"
                  ocw:sectionTemplateVersion="2016-3-14">
				<title>Readings</title>
			</item>
            <item identifier="i_6-046j-design-and-analysis-of-algorithms-spring-2012.lecture-notes"
                  identifierref="r_contents.lecture-notes.index.htm"
                  ocw:sectionTemplateType="CourseSection"
                  ocw:sectionTemplateVersion="2016-3-14">
				<title>Lecture Notes</title>
				<item identifier="i_6-046j-design-and-analysis-of-algorithms-spring-2012.lecture-notes.MIT6_046JS12_lec21.pdf"
          identifierref="r_contents.lecture-notes.MIT6_046JS12_lec21.pdf">
				<title>6.046J Lecture 21: Clustering</title>
				</item>
				<item identifier="i_6-046j-design-and-analysis-of-algorithms-spring-2012.lecture-notes.MIT6_046JS12_lec13.pdf"
          identifierref="r_contents.lecture-notes.MIT6_046JS12_lec13.pdf">
				<title>6.046J Lecture 13: Network flow</title>
				</item>
				<item identifier="i_6-046j-design-and-analysis-of-algorithms-spring-2012.lecture-notes.MIT6_046JS12_lec09.pdf"
          identifierref="r_contents.lecture-notes.MIT6_046JS12_lec09.pdf">
				<title>6.046J Lecture 9: Randomized algorithms II</title>
				</item>
				<item identifier="i_6-046j-design-and-analysis-of-algorithms-spring-2012.lecture-notes.MIT6_046JS12_lec02.pdf"
          identifierref="r_contents.lecture-notes.MIT6_046JS12_lec02.pdf">
				<title>6.046J Lecture 2: Median finding, interval scheduling</title>
				</item>
				<item identifier="i_6-046j-design-and-analysis-of-algorithms-spring-2012.lecture-notes.MIT6_046JS12_lec05.pdf"
          identifierref="r_contents.lecture-notes.MIT6_046JS12_lec05.pdf">
				<title>6.046J Lecture 5: Fast Fourier transform</title>
				</item>
				<item identifier="i_6-046j-design-and-analysis-of-algorithms-spring-2012.lecture-notes.MIT6_046JS12_lec12.pdf"
          identifierref="r_contents.lecture-notes.MIT6_046JS12_lec12.pdf">
				<title>6.046J Lecture 12: Competitive analysis</title>
				</item>
				<item identifier="i_6-046j-design-and-analysis-of-algorithms-spring-2012.lecture-notes.MIT6_046JS12_lec15.pdf"
          identifierref="r_contents.lecture-notes.MIT6_046JS12_lec15.pdf">
				<title>6.046J Lecture 15: van Emde Boas data structure</title>
				</item>
				<item identifier="i_6-046j-design-and-analysis-of-algorithms-spring-2012.lecture-notes.MIT6_046JS12_lec03.pdf"
          identifierref="r_contents.lecture-notes.MIT6_046JS12_lec03.pdf">
				<title>6.046J Lecture 3: Minimum spanning trees I </title>
				</item>
				<item identifier="i_6-046j-design-and-analysis-of-algorithms-spring-2012.lecture-notes.MIT6_046JS12_lec10.pdf"
          identifierref="r_contents.lecture-notes.MIT6_046JS12_lec10.pdf">
				<title>6.046J Lecture 10: Hashing and amortization</title>
				</item>
				<item identifier="i_6-046j-design-and-analysis-of-algorithms-spring-2012.lecture-notes.MIT6_046JS12_lec20.pdf"
          identifierref="r_contents.lecture-notes.MIT6_046JS12_lec20.pdf">
				<title>6.046J Lecture 20: Sublinear-time algorithms</title>
				</item>
				<item identifier="i_6-046j-design-and-analysis-of-algorithms-spring-2012.lecture-notes.MIT6_046JS12_lec23.pdf"
          identifierref="r_contents.lecture-notes.MIT6_046JS12_lec23.pdf">
				<title>6.046J Lecture 23: Computational geometry</title>
				</item>
				<item identifier="i_6-046j-design-and-analysis-of-algorithms-spring-2012.lecture-notes.MIT6_046JS12_lec01.pdf"
          identifierref="r_contents.lecture-notes.MIT6_046JS12_lec01.pdf">
				<title>6.046J Lecture 1: Introduction, median finding</title>
				</item>
				<item identifier="i_6-046j-design-and-analysis-of-algorithms-spring-2012.lecture-notes.MIT6_046JS12_lec18.pdf"
          identifierref="r_contents.lecture-notes.MIT6_046JS12_lec18.pdf">
				<title>6.046J Lecture 18: Polynomial-time approximations</title>
				</item>
				<item identifier="i_6-046j-design-and-analysis-of-algorithms-spring-2012.lecture-notes.MIT6_046JS12_lec16.pdf"
          identifierref="r_contents.lecture-notes.MIT6_046JS12_lec16.pdf">
				<title>6.046J Lecture 16: Disjoint-set data structures</title>
				</item>
				<item identifier="i_6-046j-design-and-analysis-of-algorithms-spring-2012.lecture-notes.MIT6_046JS12_lec11.pdf"
          identifierref="r_contents.lecture-notes.MIT6_046JS12_lec11.pdf">
				<title>6.046J Lecture 11: Amortized analysis</title>
				</item>
				<item identifier="i_6-046j-design-and-analysis-of-algorithms-spring-2012.lecture-notes.MIT6_046JS12_lec22.pdf"
          identifierref="r_contents.lecture-notes.MIT6_046JS12_lec22.pdf">
				<title>6.046J Lecture 22: Derandomization</title>
				</item>
				<item identifier="i_6-046j-design-and-analysis-of-algorithms-spring-2012.lecture-notes.MIT6_046JS12_lec17.pdf"
          identifierref="r_contents.lecture-notes.MIT6_046JS12_lec17.pdf">
				<title>6.046J Lecture 17: Complexity and NP-completeness</title>
				</item>
				<item identifier="i_6-046j-design-and-analysis-of-algorithms-spring-2012.lecture-notes.MIT6_046JS12_lec04.pdf"
          identifierref="r_contents.lecture-notes.MIT6_046JS12_lec04.pdf">
				<title>6.046J Lecture 4: Minimum spanning trees II</title>
				</item>
				<item identifier="i_6-046j-design-and-analysis-of-algorithms-spring-2012.lecture-notes.MIT6_046JS12_lec07.pdf"
          identifierref="r_contents.lecture-notes.MIT6_046JS12_lec07.pdf">
				<title>6.046J Lecture 7: All-pairs shortest paths II</title>
				</item>
				<item identifier="i_6-046j-design-and-analysis-of-algorithms-spring-2012.lecture-notes.MIT6_046JS12_lec08.pdf"
          identifierref="r_contents.lecture-notes.MIT6_046JS12_lec08.pdf">
				<title>6.046J Lecture 8: Randomized algorithms I</title>
				</item>
				<item identifier="i_6-046j-design-and-analysis-of-algorithms-spring-2012.lecture-notes.MIT6_046JS12_lec19.pdf"
          identifierref="r_contents.lecture-notes.MIT6_046JS12_lec19.pdf">
				<title>6.046J Lecture 19: Compression and Huffman coding</title>
				</item>
				<item identifier="i_6-046j-design-and-analysis-of-algorithms-spring-2012.lecture-notes.MIT6_046JS12_Notes.pdf"
          identifierref="r_contents.lecture-notes.MIT6_046JS12_Notes.pdf">
				<title>6.046J Complete Lecture Notes</title>
				</item>
				<item identifier="i_6-046j-design-and-analysis-of-algorithms-spring-2012.lecture-notes.MIT6_046JS12_lec14.pdf"
          identifierref="r_contents.lecture-notes.MIT6_046JS12_lec14.pdf">
				<title>6.046J Lecture 14: Interlude: problem solving</title>
				</item>
				<item identifier="i_6-046j-design-and-analysis-of-algorithms-spring-2012.lecture-notes.MIT6_046JS12_lec06.pdf"
          identifierref="r_contents.lecture-notes.MIT6_046JS12_lec06.pdf">
				<title>6.046J Lecture 6: All-pairs shortest paths I</title>
				</item>
			</item>
            <item identifier="i_6-046j-design-and-analysis-of-algorithms-spring-2012.assignments"
                  identifierref="r_contents.assignments.index.htm"
                  ocw:sectionTemplateType="CourseSection"
                  ocw:sectionTemplateVersion="2016-3-14">
				<title>Assignments</title>
				<item identifier="i_6-046j-design-and-analysis-of-algorithms-spring-2012.assignments.MIT6_046JS12_template.zip"
          identifierref="r_contents.assignments.MIT6_046JS12_template.zip">
				<title>MIT6_046JS12_template.zip</title>
				</item>
				<item identifier="i_6-046j-design-and-analysis-of-algorithms-spring-2012.assignments.MIT6_046JS12_ps3_sol.pdf"
          identifierref="r_contents.assignments.MIT6_046JS12_ps3_sol.pdf">
				<title>6.046J Design and Analysis of Algorithms, Problem Set 3 Solutions</title>
				</item>
				<item identifier="i_6-046j-design-and-analysis-of-algorithms-spring-2012.assignments.MIT6_046JS12_ps2_sol.pdf"
          identifierref="r_contents.assignments.MIT6_046JS12_ps2_sol.pdf">
				<title>6.046J Design and Analysis of Algorithms, Problem Set 2 Solutions</title>
				</item>
				<item identifier="i_6-046j-design-and-analysis-of-algorithms-spring-2012.assignments.MIT6_046JS12_ps4.pdf"
          identifierref="r_contents.assignments.MIT6_046JS12_ps4.pdf">
				<title>6.046J Design and Analysis of Algorithms, Problem Set 1</title>
				</item>
				<item identifier="i_6-046j-design-and-analysis-of-algorithms-spring-2012.assignments.MIT6_046JS12_ps9_sol.pdf"
          identifierref="r_contents.assignments.MIT6_046JS12_ps9_sol.pdf">
				<title>6.046J Design and Analysis of Algorithms, Problem Set 9 Solutions</title>
				</item>
				<item identifier="i_6-046j-design-and-analysis-of-algorithms-spring-2012.assignments.MIT6_046JS12_ps7.pdf"
          identifierref="r_contents.assignments.MIT6_046JS12_ps7.pdf">
				<title>6.046J Design and Analysis of Algorithms, Problem Set 7</title>
				</item>
				<item identifier="i_6-046j-design-and-analysis-of-algorithms-spring-2012.assignments.MIT6_046JS12_ps1.pdf"
          identifierref="r_contents.assignments.MIT6_046JS12_ps1.pdf">
				<title>6.046J Design and Analysis of Algorithms, Problem Set 1</title>
				</item>
				<item identifier="i_6-046j-design-and-analysis-of-algorithms-spring-2012.assignments.MIT6_046JS12_ps7_sol.pdf"
          identifierref="r_contents.assignments.MIT6_046JS12_ps7_sol.pdf">
				<title>6.046J Design and Analysis of Algorithms, Problem Set 7 Solutions</title>
				</item>
				<item identifier="i_6-046j-design-and-analysis-of-algorithms-spring-2012.assignments.MIT6_046JS12_ps3.pdf"
          identifierref="r_contents.assignments.MIT6_046JS12_ps3.pdf">
				<title>6.046J Design and Analysis of Algorithms, Problem Set 3</title>
				</item>
				<item identifier="i_6-046j-design-and-analysis-of-algorithms-spring-2012.assignments.MIT6_046JS12_ps5_sol.pdf"
          identifierref="r_contents.assignments.MIT6_046JS12_ps5_sol.pdf">
				<title>6.046J Design and Analysis of Algorithms, Problem Set 5 Solutions</title>
				</item>
				<item identifier="i_6-046j-design-and-analysis-of-algorithms-spring-2012.assignments.MIT6_046JS12_ps5.pdf"
          identifierref="r_contents.assignments.MIT6_046JS12_ps5.pdf">
				<title>6.046J Design and Analysis of Algorithms, Problem Set 5</title>
				</item>
				<item identifier="i_6-046j-design-and-analysis-of-algorithms-spring-2012.assignments.MIT6_046JS12_ps8_sol.pdf"
          identifierref="r_contents.assignments.MIT6_046JS12_ps8_sol.pdf">
				<title>6.046J Design and Analysis of Algorithms, Problem Set 8 Solutions</title>
				</item>
				<item identifier="i_6-046j-design-and-analysis-of-algorithms-spring-2012.assignments.MIT6_046JS12_ps9.pdf"
          identifierref="r_contents.assignments.MIT6_046JS12_ps9.pdf">
				<title>6.046J Design and Analysis of Algorithms, Problem Set 9</title>
				</item>
				<item identifier="i_6-046j-design-and-analysis-of-algorithms-spring-2012.assignments.MIT6_046JS12_ps6.pdf"
          identifierref="r_contents.assignments.MIT6_046JS12_ps6.pdf">
				<title>6.046J Design and Analysis of Algorithms, Problem Set 6</title>
				</item>
				<item identifier="i_6-046j-design-and-analysis-of-algorithms-spring-2012.assignments.MIT6_046JS12_ps8.pdf"
          identifierref="r_contents.assignments.MIT6_046JS12_ps8.pdf">
				<title>6.046J Design and Analysis of Algorithms, Problem Set 8</title>
				</item>
				<item identifier="i_6-046j-design-and-analysis-of-algorithms-spring-2012.assignments.MIT6_046JS12_ps6_sol.pdf"
          identifierref="r_contents.assignments.MIT6_046JS12_ps6_sol.pdf">
				<title>6.046J Design and Analysis of Algorithms, Problem Set 6 Solutions</title>
				</item>
				<item identifier="i_6-046j-design-and-analysis-of-algorithms-spring-2012.assignments.MIT6_046JS12_ps2.pdf"
          identifierref="r_contents.assignments.MIT6_046JS12_ps2.pdf">
				<title>6.046J Design and Analysis of Algorithms, Problem Set 2</title>
				</item>
				<item identifier="i_6-046j-design-and-analysis-of-algorithms-spring-2012.assignments.MIT6_046JS12_ps1_sol.pdf"
          identifierref="r_contents.assignments.MIT6_046JS12_ps1_sol.pdf">
				<title>6.046J Design and Analysis of Algorithms, Problem Set 1 Solutions</title>
				</item>
				<item identifier="i_6-046j-design-and-analysis-of-algorithms-spring-2012.assignments.MIT6_046JS12_ps4_sol.pdf"
          identifierref="r_contents.assignments.MIT6_046JS12_ps4_sol.pdf">
				<title>6.046J Design and Analysis of Algorithms, Problem Set 4 Solutions</title>
				</item>
			</item>
            <item identifier="i_6-046j-design-and-analysis-of-algorithms-spring-2012.exams"
                  identifierref="r_contents.exams.index.htm"
                  ocw:sectionTemplateType="CourseSection"
                  ocw:sectionTemplateVersion="2016-3-14">
				<title>Exams</title>
				<item identifier="i_6-046j-design-and-analysis-of-algorithms-spring-2012.exams.MIT6_046JS12_quiz1.pdf"
          identifierref="r_contents.exams.MIT6_046JS12_quiz1.pdf">
				<title>6.046J Spring 2012 Quiz 1</title>
				</item>
				<item identifier="i_6-046j-design-and-analysis-of-algorithms-spring-2012.exams.MIT6_046JS12_quiz1_sol.pdf"
          identifierref="r_contents.exams.MIT6_046JS12_quiz1_sol.pdf">
				<title>6.046J Spring 2012 Quiz 1 Solutions</title>
				</item>
				<item identifier="i_6-046j-design-and-analysis-of-algorithms-spring-2012.exams.MIT6_046JS12_quiz2.pdf"
          identifierref="r_contents.exams.MIT6_046JS12_quiz2.pdf">
				<title>6.046J Spring 2012 Quiz 2</title>
				</item>
				<item identifier="i_6-046j-design-and-analysis-of-algorithms-spring-2012.exams.MIT6_046JS12_final_sol.pdf"
          identifierref="r_contents.exams.MIT6_046JS12_final_sol.pdf">
				<title>6.046J Spring 2012 Final Exam Solutions</title>
				</item>
				<item identifier="i_6-046j-design-and-analysis-of-algorithms-spring-2012.exams.MIT6_046JS12_quiz2_info.pdf"
          identifierref="r_contents.exams.MIT6_046JS12_quiz2_info.pdf">
				<title>6.046J Spring 2012 Quiz 2 Instructions</title>
				</item>
				<item identifier="i_6-046j-design-and-analysis-of-algorithms-spring-2012.exams.MIT6_046JS12_prac_adv.pdf"
          identifierref="r_contents.exams.MIT6_046JS12_prac_adv.pdf">
				<title>6.046J Practice Problems: Advanced Topics</title>
				</item>
				<item identifier="i_6-046j-design-and-analysis-of-algorithms-spring-2012.exams.MIT6_046JS12_final_prac2011.pdf"
          identifierref="r_contents.exams.MIT6_046JS12_final_prac2011.pdf">
				<title>6.046J Spring 2011 Practice Final Exam</title>
				</item>
				<item identifier="i_6-046j-design-and-analysis-of-algorithms-spring-2012.exams.MIT6_046JS12_final_prac.pdf"
          identifierref="r_contents.exams.MIT6_046JS12_final_prac.pdf">
				<title>6.046J Practice Final Exam</title>
				</item>
				<item identifier="i_6-046j-design-and-analysis-of-algorithms-spring-2012.exams.MIT6_046JS12_quiz2prac_sol.pdf"
          identifierref="r_contents.exams.MIT6_046JS12_quiz2prac_sol.pdf">
				<title>6.046J Spring 2012 Practice Quiz 2 Solutions</title>
				</item>
				<item identifier="i_6-046j-design-and-analysis-of-algorithms-spring-2012.exams.MIT6_046JS12_quiz2_prac.pdf"
          identifierref="r_contents.exams.MIT6_046JS12_quiz2_prac.pdf">
				<title>6.046J Spring 2012 Practice Quiz 2</title>
				</item>
				<item identifier="i_6-046j-design-and-analysis-of-algorithms-spring-2012.exams.MIT6_046JS12_final_prac_sol.pdf"
          identifierref="r_contents.exams.MIT6_046JS12_final_prac_sol.pdf">
				<title>6.046J Spring 2012 Practice Final Exam Solutions</title>
				</item>
				<item identifier="i_6-046j-design-and-analysis-of-algorithms-spring-2012.exams.MIT6_046JS12_quiz2_sol.pdf"
          identifierref="r_contents.exams.MIT6_046JS12_quiz2_sol.pdf">
				<title>6.046J Spring 2012 Quiz 2 Solutions</title>
				</item>
				<item identifier="i_6-046j-design-and-analysis-of-algorithms-spring-2012.exams.MIT6_046JS12_final.pdf"
          identifierref="r_contents.exams.MIT6_046JS12_final.pdf">
				<title>6.046J Final Exam</title>
				</item>
				<item identifier="i_6-046j-design-and-analysis-of-algorithms-spring-2012.exams.MIT6_046JS12_final_prac2011_sol.pdf"
          identifierref="r_contents.exams.MIT6_046JS12_final_prac2011_sol.pdf">
				<title>6.046J Spring 2011 Practice Final Exam Solutions</title>
				</item>
				<item identifier="i_6-046j-design-and-analysis-of-algorithms-spring-2012.exams.MIT6_046JS12_quiz2_template.zip"
          identifierref="r_contents.exams.MIT6_046JS12_quiz2_template.zip">
				<title>MIT6_046JS12_quiz2_template.zip</title>
				</item>
			</item>
            <item identifier="i_terms"
                  identifierref="r_common.terms.index.htm"
                  ocw:sectionTemplateType="GlobalSection"
                  ocw:sectionTemplateVersion="2016-3-14">
				<title>Legal Notices</title>
			</item>
            <item identifier="i_terms"
                  identifierref="r_common.terms.index.htm"
                  ocw:sectionTemplateType="GlobalSection"
                  ocw:sectionTemplateVersion="2016-3-14">
				<title>Privacy Statement</title>
			</item>
            <item identifier="i_terms.trademarks"
                  identifierref="r_common.terms.trademarks.index.htm"
                  ocw:sectionTemplateType="GlobalSection"
                  ocw:sectionTemplateVersion="2016-3-14">
				<title>Trademark Notices</title>
			</item>
        </organization>
    </organizations>
    <resources>
        <resource identifier="r_contents.assignments.MIT6_046JS12_ps9.pdf"
                  type="other"
                  href="contents/assignments/MIT6_046JS12_ps9.pdf">
            <metadata>
                <adlcp:location>contents/assignments/MIT6_046JS12_ps9.pdf.xml</adlcp:location>
            </metadata>
            <file href="contents/assignments/MIT6_046JS12_ps9.pdf"/>
                        
        </resource>
        <resource identifier="r_contents.lecture-notes.MIT6_046JS12_lec20.pdf"
                  type="other"
                  href="contents/lecture-notes/MIT6_046JS12_lec20.pdf">
            <metadata>
                <adlcp:location>contents/lecture-notes/MIT6_046JS12_lec20.pdf.xml</adlcp:location>
            </metadata>
            <file href="contents/lecture-notes/MIT6_046JS12_lec20.pdf"/>
                        
        </resource>
        <resource identifier="r_contents.recitations.MIT6.046J_S12_rec12.pdf"
                  type="other"
                  href="contents/recitations/MIT6.046J_S12_rec12.pdf">
            <metadata>
                <adlcp:location>contents/recitations/MIT6.046J_S12_rec12.pdf.xml</adlcp:location>
            </metadata>
            <file href="contents/recitations/MIT6.046J_S12_rec12.pdf"/>
                        
        </resource>
        <resource identifier="r_contents.assignments.MIT6_046JS12_ps8_sol.pdf"
                  type="other"
                  href="contents/assignments/MIT6_046JS12_ps8_sol.pdf">
            <metadata>
                <adlcp:location>contents/assignments/MIT6_046JS12_ps8_sol.pdf.xml</adlcp:location>
            </metadata>
            <file href="contents/assignments/MIT6_046JS12_ps8_sol.pdf"/>
                        
        </resource>
        <resource identifier="r_contents.assignments.MIT6_046JS12_ps7_sol.pdf"
                  type="other"
                  href="contents/assignments/MIT6_046JS12_ps7_sol.pdf">
            <metadata>
                <adlcp:location>contents/assignments/MIT6_046JS12_ps7_sol.pdf.xml</adlcp:location>
            </metadata>
            <file href="contents/assignments/MIT6_046JS12_ps7_sol.pdf"/>
                        
        </resource>
        <resource identifier="r_contents.lecture-notes.MIT6_046JS12_lec09.pdf"
                  type="other"
                  href="contents/lecture-notes/MIT6_046JS12_lec09.pdf">
            <metadata>
                <adlcp:location>contents/lecture-notes/MIT6_046JS12_lec09.pdf.xml</adlcp:location>
            </metadata>
            <file href="contents/lecture-notes/MIT6_046JS12_lec09.pdf"/>
                        
        </resource>
        <resource identifier="r_contents.Syllabus.course-objectives-and-outcomes.index.htm"
                  type="webcontent"
                  href="contents/Syllabus/course-objectives-and-outcomes/index.htm">
            <metadata>
                <adlcp:location>contents/Syllabus/course-objectives-and-outcomes/index.htm.xml</adlcp:location>
            </metadata>
            <file href="contents/Syllabus/course-objectives-and-outcomes/index.htm"/>
            <dependency identifierref="webrenderrequirements.6-046j-design-and-analysis-of-algorithms-spring-2012"/>            
        </resource>
        <resource identifier="r_contents.readings.index.htm"
                  type="webcontent"
                  href="contents/readings/index.htm">
            <metadata>
                <adlcp:location>contents/readings/index.htm.xml</adlcp:location>
            </metadata>
            <file href="contents/readings/index.htm"/>
            <dependency identifierref="webrenderrequirements.6-046j-design-and-analysis-of-algorithms-spring-2012"/>            
        </resource>
        <resource identifier="r_contents.lecture-notes.MIT6_046JS12_lec16.pdf"
                  type="other"
                  href="contents/lecture-notes/MIT6_046JS12_lec16.pdf">
            <metadata>
                <adlcp:location>contents/lecture-notes/MIT6_046JS12_lec16.pdf.xml</adlcp:location>
            </metadata>
            <file href="contents/lecture-notes/MIT6_046JS12_lec16.pdf"/>
                        
        </resource>
        <resource identifier="r_contents.assignments.MIT6_046JS12_template.zip"
                  type="other"
                  href="contents/assignments/MIT6_046JS12_template.zip">
            <metadata>
                <adlcp:location>contents/assignments/MIT6_046JS12_template.zip.xml</adlcp:location>
            </metadata>
            <file href="contents/assignments/MIT6_046JS12_template.zip"/>
                        
        </resource>
        <resource identifier="r_contents.lecture-notes.MIT6_046JS12_lec19.pdf"
                  type="other"
                  href="contents/lecture-notes/MIT6_046JS12_lec19.pdf">
            <metadata>
                <adlcp:location>contents/lecture-notes/MIT6_046JS12_lec19.pdf.xml</adlcp:location>
            </metadata>
            <file href="contents/lecture-notes/MIT6_046JS12_lec19.pdf"/>
                        
        </resource>
        <resource identifier="r_contents.assignments.MIT6_046JS12_ps1_sol.pdf"
                  type="other"
                  href="contents/assignments/MIT6_046JS12_ps1_sol.pdf">
            <metadata>
                <adlcp:location>contents/assignments/MIT6_046JS12_ps1_sol.pdf.xml</adlcp:location>
            </metadata>
            <file href="contents/assignments/MIT6_046JS12_ps1_sol.pdf"/>
                        
        </resource>
        <resource identifier="r_contents.lecture-notes.MIT6_046JS12_lec23.pdf"
                  type="other"
                  href="contents/lecture-notes/MIT6_046JS12_lec23.pdf">
            <metadata>
                <adlcp:location>contents/lecture-notes/MIT6_046JS12_lec23.pdf.xml</adlcp:location>
            </metadata>
            <file href="contents/lecture-notes/MIT6_046JS12_lec23.pdf"/>
                        
        </resource>
        <resource identifier="r_contents.recitations.MIT6.046J_S12_rec10.pdf"
                  type="other"
                  href="contents/recitations/MIT6.046J_S12_rec10.pdf">
            <metadata>
                <adlcp:location>contents/recitations/MIT6.046J_S12_rec10.pdf.xml</adlcp:location>
            </metadata>
            <file href="contents/recitations/MIT6.046J_S12_rec10.pdf"/>
                        
        </resource>
        <resource identifier="r_contents.exams.MIT6_046JS12_quiz2.pdf"
                  type="other"
                  href="contents/exams/MIT6_046JS12_quiz2.pdf">
            <metadata>
                <adlcp:location>contents/exams/MIT6_046JS12_quiz2.pdf.xml</adlcp:location>
            </metadata>
            <file href="contents/exams/MIT6_046JS12_quiz2.pdf"/>
                        
        </resource>
        <resource identifier="r_contents.assignments.MIT6_046JS12_ps3.pdf"
                  type="other"
                  href="contents/assignments/MIT6_046JS12_ps3.pdf">
            <metadata>
                <adlcp:location>contents/assignments/MIT6_046JS12_ps3.pdf.xml</adlcp:location>
            </metadata>
            <file href="contents/assignments/MIT6_046JS12_ps3.pdf"/>
                        
        </resource>
        <resource identifier="r_contents.assignments.MIT6_046JS12_ps8.pdf"
                  type="other"
                  href="contents/assignments/MIT6_046JS12_ps8.pdf">
            <metadata>
                <adlcp:location>contents/assignments/MIT6_046JS12_ps8.pdf.xml</adlcp:location>
            </metadata>
            <file href="contents/assignments/MIT6_046JS12_ps8.pdf"/>
                        
        </resource>
        <resource identifier="r_contents.assignments.MIT6_046JS12_ps6_sol.pdf"
                  type="other"
                  href="contents/assignments/MIT6_046JS12_ps6_sol.pdf">
            <metadata>
                <adlcp:location>contents/assignments/MIT6_046JS12_ps6_sol.pdf.xml</adlcp:location>
            </metadata>
            <file href="contents/assignments/MIT6_046JS12_ps6_sol.pdf"/>
                        
        </resource>
        <resource identifier="r_contents.assignments.MIT6_046JS12_ps3_sol.pdf"
                  type="other"
                  href="contents/assignments/MIT6_046JS12_ps3_sol.pdf">
            <metadata>
                <adlcp:location>contents/assignments/MIT6_046JS12_ps3_sol.pdf.xml</adlcp:location>
            </metadata>
            <file href="contents/assignments/MIT6_046JS12_ps3_sol.pdf"/>
                        
        </resource>
        <resource identifier="r_contents.lecture-notes.MIT6_046JS12_lec13.pdf"
                  type="other"
                  href="contents/lecture-notes/MIT6_046JS12_lec13.pdf">
            <metadata>
                <adlcp:location>contents/lecture-notes/MIT6_046JS12_lec13.pdf.xml</adlcp:location>
            </metadata>
            <file href="contents/lecture-notes/MIT6_046JS12_lec13.pdf"/>
                        
        </resource>
        <resource identifier="r_contents.assignments.MIT6_046JS12_ps1.pdf"
                  type="other"
                  href="contents/assignments/MIT6_046JS12_ps1.pdf">
            <metadata>
                <adlcp:location>contents/assignments/MIT6_046JS12_ps1.pdf.xml</adlcp:location>
            </metadata>
            <file href="contents/assignments/MIT6_046JS12_ps1.pdf"/>
                        
        </resource>
        <resource identifier="r_contents.lecture-notes.MIT6_046JS12_lec17.pdf"
                  type="other"
                  href="contents/lecture-notes/MIT6_046JS12_lec17.pdf">
            <metadata>
                <adlcp:location>contents/lecture-notes/MIT6_046JS12_lec17.pdf.xml</adlcp:location>
            </metadata>
            <file href="contents/lecture-notes/MIT6_046JS12_lec17.pdf"/>
                        
        </resource>
        <resource identifier="r_contents.lecture-notes.MIT6_046JS12_lec06.pdf"
                  type="other"
                  href="contents/lecture-notes/MIT6_046JS12_lec06.pdf">
            <metadata>
                <adlcp:location>contents/lecture-notes/MIT6_046JS12_lec06.pdf.xml</adlcp:location>
            </metadata>
            <file href="contents/lecture-notes/MIT6_046JS12_lec06.pdf"/>
                        
        </resource>
        <resource identifier="r_contents.assignments.MIT6_046JS12_ps9_sol.pdf"
                  type="other"
                  href="contents/assignments/MIT6_046JS12_ps9_sol.pdf">
            <metadata>
                <adlcp:location>contents/assignments/MIT6_046JS12_ps9_sol.pdf.xml</adlcp:location>
            </metadata>
            <file href="contents/assignments/MIT6_046JS12_ps9_sol.pdf"/>
                        
        </resource>
        <resource identifier="r_contents.exams.MIT6_046JS12_quiz2prac_sol.pdf"
                  type="other"
                  href="contents/exams/MIT6_046JS12_quiz2prac_sol.pdf">
            <metadata>
                <adlcp:location>contents/exams/MIT6_046JS12_quiz2prac_sol.pdf.xml</adlcp:location>
            </metadata>
            <file href="contents/exams/MIT6_046JS12_quiz2prac_sol.pdf"/>
                        
        </resource>
        <resource identifier="r_contents.lecture-notes.MIT6_046JS12_lec05.pdf"
                  type="other"
                  href="contents/lecture-notes/MIT6_046JS12_lec05.pdf">
            <metadata>
                <adlcp:location>contents/lecture-notes/MIT6_046JS12_lec05.pdf.xml</adlcp:location>
            </metadata>
            <file href="contents/lecture-notes/MIT6_046JS12_lec05.pdf"/>
                        
        </resource>
        <resource identifier="r_contents.recitations.MIT6.046J_S12_rec08.pdf"
                  type="other"
                  href="contents/recitations/MIT6.046J_S12_rec08.pdf">
            <metadata>
                <adlcp:location>contents/recitations/MIT6.046J_S12_rec08.pdf.xml</adlcp:location>
            </metadata>
            <file href="contents/recitations/MIT6.046J_S12_rec08.pdf"/>
                        
        </resource>
        <resource identifier="r_contents.exams.MIT6_046JS12_final_prac_sol.pdf"
                  type="other"
                  href="contents/exams/MIT6_046JS12_final_prac_sol.pdf">
            <metadata>
                <adlcp:location>contents/exams/MIT6_046JS12_final_prac_sol.pdf.xml</adlcp:location>
            </metadata>
            <file href="contents/exams/MIT6_046JS12_final_prac_sol.pdf"/>
                        
        </resource>
        <resource identifier="r_contents.exams.MIT6_046JS12_final.pdf"
                  type="other"
                  href="contents/exams/MIT6_046JS12_final.pdf">
            <metadata>
                <adlcp:location>contents/exams/MIT6_046JS12_final.pdf.xml</adlcp:location>
            </metadata>
            <file href="contents/exams/MIT6_046JS12_final.pdf"/>
                        
        </resource>
        <resource identifier="r_contents.lecture-notes.MIT6_046JS12_lec15.pdf"
                  type="other"
                  href="contents/lecture-notes/MIT6_046JS12_lec15.pdf">
            <metadata>
                <adlcp:location>contents/lecture-notes/MIT6_046JS12_lec15.pdf.xml</adlcp:location>
            </metadata>
            <file href="contents/lecture-notes/MIT6_046JS12_lec15.pdf"/>
                        
        </resource>
        <resource identifier="r_contents.Syllabus.index.htm"
                  type="webcontent"
                  href="contents/Syllabus/index.htm">
            <metadata>
                <adlcp:location>contents/Syllabus/index.htm.xml</adlcp:location>
            </metadata>
            <file href="contents/Syllabus/index.htm"/>
            <dependency identifierref="webrenderrequirements.6-046j-design-and-analysis-of-algorithms-spring-2012"/>            
        </resource>
        <resource identifier="r_contents.exams.MIT6_046JS12_quiz2_info.pdf"
                  type="other"
                  href="contents/exams/MIT6_046JS12_quiz2_info.pdf">
            <metadata>
                <adlcp:location>contents/exams/MIT6_046JS12_quiz2_info.pdf.xml</adlcp:location>
            </metadata>
            <file href="contents/exams/MIT6_046JS12_quiz2_info.pdf"/>
                        
        </resource>
        <resource identifier="r_contents.exams.MIT6_046JS12_quiz2_template.zip"
                  type="other"
                  href="contents/exams/MIT6_046JS12_quiz2_template.zip">
            <metadata>
                <adlcp:location>contents/exams/MIT6_046JS12_quiz2_template.zip.xml</adlcp:location>
            </metadata>
            <file href="contents/exams/MIT6_046JS12_quiz2_template.zip"/>
                        
        </resource>
        <resource identifier="r_contents.6-046js12.jpg"
                  type="other" href="contents/6-046js12.jpg">
            <metadata>
                <adlcp:location>contents/6-046js12.jpg.xml</adlcp:location>
            </metadata>
            <file href="contents/6-046js12.jpg"/>
                        
        </resource>
        <resource identifier="r_contents.lecture-notes.MIT6_046JS12_lec10.pdf"
                  type="other"
                  href="contents/lecture-notes/MIT6_046JS12_lec10.pdf">
            <metadata>
                <adlcp:location>contents/lecture-notes/MIT6_046JS12_lec10.pdf.xml</adlcp:location>
            </metadata>
            <file href="contents/lecture-notes/MIT6_046JS12_lec10.pdf"/>
                        
        </resource>
        <resource identifier="r_contents.recitations.MIT6.046J_S12_rec09.pdf"
                  type="other"
                  href="contents/recitations/MIT6.046J_S12_rec09.pdf">
            <metadata>
                <adlcp:location>contents/recitations/MIT6.046J_S12_rec09.pdf.xml</adlcp:location>
            </metadata>
            <file href="contents/recitations/MIT6.046J_S12_rec09.pdf"/>
                        
        </resource>
        <resource identifier="r_contents.lecture-notes.MIT6_046JS12_lec07.pdf"
                  type="other"
                  href="contents/lecture-notes/MIT6_046JS12_lec07.pdf">
            <metadata>
                <adlcp:location>contents/lecture-notes/MIT6_046JS12_lec07.pdf.xml</adlcp:location>
            </metadata>
            <file href="contents/lecture-notes/MIT6_046JS12_lec07.pdf"/>
                        
        </resource>
        <resource identifier="r_contents.exams.MIT6_046JS12_prac_adv.pdf"
                  type="other"
                  href="contents/exams/MIT6_046JS12_prac_adv.pdf">
            <metadata>
                <adlcp:location>contents/exams/MIT6_046JS12_prac_adv.pdf.xml</adlcp:location>
            </metadata>
            <file href="contents/exams/MIT6_046JS12_prac_adv.pdf"/>
                        
        </resource>
        <resource identifier="r_contents.exams.MIT6_046JS12_final_prac2011_sol.pdf"
                  type="other"
                  href="contents/exams/MIT6_046JS12_final_prac2011_sol.pdf">
            <metadata>
                <adlcp:location>contents/exams/MIT6_046JS12_final_prac2011_sol.pdf.xml</adlcp:location>
            </metadata>
            <file href="contents/exams/MIT6_046JS12_final_prac2011_sol.pdf"/>
                        
        </resource>
        <resource identifier="r_contents.lecture-notes.index.htm"
                  type="webcontent"
                  href="contents/lecture-notes/index.htm">
            <metadata>
                <adlcp:location>contents/lecture-notes/index.htm.xml</adlcp:location>
            </metadata>
            <file href="contents/lecture-notes/index.htm"/>
            <dependency identifierref="webrenderrequirements.6-046j-design-and-analysis-of-algorithms-spring-2012"/>            
        </resource>
        <resource identifier="r_contents.assignments.index.htm"
                  type="webcontent"
                  href="contents/assignments/index.htm">
            <metadata>
                <adlcp:location>contents/assignments/index.htm.xml</adlcp:location>
            </metadata>
            <file href="contents/assignments/index.htm"/>
            <dependency identifierref="webrenderrequirements.6-046j-design-and-analysis-of-algorithms-spring-2012"/>            
        </resource>
        <resource identifier="r_contents.assignments.MIT6_046JS12_ps4.pdf"
                  type="other"
                  href="contents/assignments/MIT6_046JS12_ps4.pdf">
            <metadata>
                <adlcp:location>contents/assignments/MIT6_046JS12_ps4.pdf.xml</adlcp:location>
            </metadata>
            <file href="contents/assignments/MIT6_046JS12_ps4.pdf"/>
                        
        </resource>
        <resource identifier="r_contents.exams.MIT6_046JS12_quiz2_sol.pdf"
                  type="other"
                  href="contents/exams/MIT6_046JS12_quiz2_sol.pdf">
            <metadata>
                <adlcp:location>contents/exams/MIT6_046JS12_quiz2_sol.pdf.xml</adlcp:location>
            </metadata>
            <file href="contents/exams/MIT6_046JS12_quiz2_sol.pdf"/>
                        
        </resource>
        <resource identifier="r_contents.assignments.MIT6_046JS12_ps4_sol.pdf"
                  type="other"
                  href="contents/assignments/MIT6_046JS12_ps4_sol.pdf">
            <metadata>
                <adlcp:location>contents/assignments/MIT6_046JS12_ps4_sol.pdf.xml</adlcp:location>
            </metadata>
            <file href="contents/assignments/MIT6_046JS12_ps4_sol.pdf"/>
                        
        </resource>
        <resource identifier="r_contents.lecture-notes.MIT6_046JS12_lec04.pdf"
                  type="other"
                  href="contents/lecture-notes/MIT6_046JS12_lec04.pdf">
            <metadata>
                <adlcp:location>contents/lecture-notes/MIT6_046JS12_lec04.pdf.xml</adlcp:location>
            </metadata>
            <file href="contents/lecture-notes/MIT6_046JS12_lec04.pdf"/>
                        
        </resource>
        <resource identifier="r_contents.calendar.index.htm"
                  type="webcontent"
                  href="contents/calendar/index.htm">
            <metadata>
                <adlcp:location>contents/calendar/index.htm.xml</adlcp:location>
            </metadata>
            <file href="contents/calendar/index.htm"/>
            <dependency identifierref="webrenderrequirements.6-046j-design-and-analysis-of-algorithms-spring-2012"/>            
        </resource>
        <resource identifier="r_contents.lecture-notes.MIT6_046JS12_lec22.pdf"
                  type="other"
                  href="contents/lecture-notes/MIT6_046JS12_lec22.pdf">
            <metadata>
                <adlcp:location>contents/lecture-notes/MIT6_046JS12_lec22.pdf.xml</adlcp:location>
            </metadata>
            <file href="contents/lecture-notes/MIT6_046JS12_lec22.pdf"/>
                        
        </resource>
        <resource identifier="r_contents.lecture-notes.MIT6_046JS12_lec14.pdf"
                  type="other"
                  href="contents/lecture-notes/MIT6_046JS12_lec14.pdf">
            <metadata>
                <adlcp:location>contents/lecture-notes/MIT6_046JS12_lec14.pdf.xml</adlcp:location>
            </metadata>
            <file href="contents/lecture-notes/MIT6_046JS12_lec14.pdf"/>
                        
        </resource>
        <resource identifier="r_contents.assignments.MIT6_046JS12_ps2.pdf"
                  type="other"
                  href="contents/assignments/MIT6_046JS12_ps2.pdf">
            <metadata>
                <adlcp:location>contents/assignments/MIT6_046JS12_ps2.pdf.xml</adlcp:location>
            </metadata>
            <file href="contents/assignments/MIT6_046JS12_ps2.pdf"/>
                        
        </resource>
        <resource identifier="r_contents.assignments.MIT6_046JS12_ps7.pdf"
                  type="other"
                  href="contents/assignments/MIT6_046JS12_ps7.pdf">
            <metadata>
                <adlcp:location>contents/assignments/MIT6_046JS12_ps7.pdf.xml</adlcp:location>
            </metadata>
            <file href="contents/assignments/MIT6_046JS12_ps7.pdf"/>
                        
        </resource>
        <resource identifier="r_contents.lecture-notes.MIT6_046JS12_lec12.pdf"
                  type="other"
                  href="contents/lecture-notes/MIT6_046JS12_lec12.pdf">
            <metadata>
                <adlcp:location>contents/lecture-notes/MIT6_046JS12_lec12.pdf.xml</adlcp:location>
            </metadata>
            <file href="contents/lecture-notes/MIT6_046JS12_lec12.pdf"/>
                        
        </resource>
        <resource identifier="r_contents.lecture-notes.MIT6_046JS12_lec02.pdf"
                  type="other"
                  href="contents/lecture-notes/MIT6_046JS12_lec02.pdf">
            <metadata>
                <adlcp:location>contents/lecture-notes/MIT6_046JS12_lec02.pdf.xml</adlcp:location>
            </metadata>
            <file href="contents/lecture-notes/MIT6_046JS12_lec02.pdf"/>
                        
        </resource>
        <resource identifier="r_contents.exams.MIT6_046JS12_final_prac2011.pdf"
                  type="other"
                  href="contents/exams/MIT6_046JS12_final_prac2011.pdf">
            <metadata>
                <adlcp:location>contents/exams/MIT6_046JS12_final_prac2011.pdf.xml</adlcp:location>
            </metadata>
            <file href="contents/exams/MIT6_046JS12_final_prac2011.pdf"/>
                        
        </resource>
        <resource identifier="r_contents.6-046js12-th.jpg"
                  type="other"
                  href="contents/6-046js12-th.jpg">
            <metadata>
                <adlcp:location>contents/6-046js12-th.jpg.xml</adlcp:location>
            </metadata>
            <file href="contents/6-046js12-th.jpg"/>
                        
        </resource>
        <resource identifier="r_contents.exams.MIT6_046JS12_final_prac.pdf"
                  type="other"
                  href="contents/exams/MIT6_046JS12_final_prac.pdf">
            <metadata>
                <adlcp:location>contents/exams/MIT6_046JS12_final_prac.pdf.xml</adlcp:location>
            </metadata>
            <file href="contents/exams/MIT6_046JS12_final_prac.pdf"/>
                        
        </resource>
        <resource identifier="r_contents.lecture-notes.MIT6_046JS12_lec11.pdf"
                  type="other"
                  href="contents/lecture-notes/MIT6_046JS12_lec11.pdf">
            <metadata>
                <adlcp:location>contents/lecture-notes/MIT6_046JS12_lec11.pdf.xml</adlcp:location>
            </metadata>
            <file href="contents/lecture-notes/MIT6_046JS12_lec11.pdf"/>
                        
        </resource>
        <resource identifier="r_contents.lecture-notes.MIT6_046JS12_lec03.pdf"
                  type="other"
                  href="contents/lecture-notes/MIT6_046JS12_lec03.pdf">
            <metadata>
                <adlcp:location>contents/lecture-notes/MIT6_046JS12_lec03.pdf.xml</adlcp:location>
            </metadata>
            <file href="contents/lecture-notes/MIT6_046JS12_lec03.pdf"/>
                        
        </resource>
        <resource identifier="r_contents.index.htm"
                  type="webcontent"
                  href="contents/index.htm">
            <metadata>
                <adlcp:location>contents/index.htm.xml</adlcp:location>
            </metadata>
            <file href="contents/index.htm"/>
            <dependency identifierref="webrenderrequirements.6-046j-design-and-analysis-of-algorithms-spring-2012"/>            
        </resource>
        <resource identifier="r_contents.Syllabus.collaboration-policy.index.htm"
                  type="webcontent"
                  href="contents/Syllabus/collaboration-policy/index.htm">
            <metadata>
                <adlcp:location>contents/Syllabus/collaboration-policy/index.htm.xml</adlcp:location>
            </metadata>
            <file href="contents/Syllabus/collaboration-policy/index.htm"/>
            <dependency identifierref="webrenderrequirements.6-046j-design-and-analysis-of-algorithms-spring-2012"/>            
        </resource>
        <resource identifier="r_contents.lecture-notes.MIT6_046JS12_lec01.pdf"
                  type="other"
                  href="contents/lecture-notes/MIT6_046JS12_lec01.pdf">
            <metadata>
                <adlcp:location>contents/lecture-notes/MIT6_046JS12_lec01.pdf.xml</adlcp:location>
            </metadata>
            <file href="contents/lecture-notes/MIT6_046JS12_lec01.pdf"/>
                        
        </resource>
        <resource identifier="r_contents.exams.MIT6_046JS12_quiz1_sol.pdf"
                  type="other"
                  href="contents/exams/MIT6_046JS12_quiz1_sol.pdf">
            <metadata>
                <adlcp:location>contents/exams/MIT6_046JS12_quiz1_sol.pdf.xml</adlcp:location>
            </metadata>
            <file href="contents/exams/MIT6_046JS12_quiz1_sol.pdf"/>
                        
        </resource>
        <resource identifier="r_contents.exams.MIT6_046JS12_quiz2_prac.pdf"
                  type="other"
                  href="contents/exams/MIT6_046JS12_quiz2_prac.pdf">
            <metadata>
                <adlcp:location>contents/exams/MIT6_046JS12_quiz2_prac.pdf.xml</adlcp:location>
            </metadata>
            <file href="contents/exams/MIT6_046JS12_quiz2_prac.pdf"/>
                        
        </resource>
        <resource identifier="r_contents.exams.MIT6_046JS12_final_sol.pdf"
                  type="other"
                  href="contents/exams/MIT6_046JS12_final_sol.pdf">
            <metadata>
                <adlcp:location>contents/exams/MIT6_046JS12_final_sol.pdf.xml</adlcp:location>
            </metadata>
            <file href="contents/exams/MIT6_046JS12_final_sol.pdf"/>
                        
        </resource>
        <resource identifier="r_contents.exams.index.htm"
                  type="webcontent"
                  href="contents/exams/index.htm">
            <metadata>
                <adlcp:location>contents/exams/index.htm.xml</adlcp:location>
            </metadata>
            <file href="contents/exams/index.htm"/>
            <dependency identifierref="webrenderrequirements.6-046j-design-and-analysis-of-algorithms-spring-2012"/>            
        </resource>
        <resource identifier="r_contents.lecture-notes.MIT6_046JS12_lec18.pdf"
                  type="other"
                  href="contents/lecture-notes/MIT6_046JS12_lec18.pdf">
            <metadata>
                <adlcp:location>contents/lecture-notes/MIT6_046JS12_lec18.pdf.xml</adlcp:location>
            </metadata>
            <file href="contents/lecture-notes/MIT6_046JS12_lec18.pdf"/>
                        
        </resource>
        <resource identifier="r_contents.lecture-notes.MIT6_046JS12_lec21.pdf"
                  type="other"
                  href="contents/lecture-notes/MIT6_046JS12_lec21.pdf">
            <metadata>
                <adlcp:location>contents/lecture-notes/MIT6_046JS12_lec21.pdf.xml</adlcp:location>
            </metadata>
            <file href="contents/lecture-notes/MIT6_046JS12_lec21.pdf"/>
                        
        </resource>
        <resource identifier="r_contents.assignments.MIT6_046JS12_ps5.pdf"
                  type="other"
                  href="contents/assignments/MIT6_046JS12_ps5.pdf">
            <metadata>
                <adlcp:location>contents/assignments/MIT6_046JS12_ps5.pdf.xml</adlcp:location>
            </metadata>
            <file href="contents/assignments/MIT6_046JS12_ps5.pdf"/>
                        
        </resource>
        <resource identifier="r_contents.assignments.MIT6_046JS12_ps5_sol.pdf"
                  type="other"
                  href="contents/assignments/MIT6_046JS12_ps5_sol.pdf">
            <metadata>
                <adlcp:location>contents/assignments/MIT6_046JS12_ps5_sol.pdf.xml</adlcp:location>
            </metadata>
            <file href="contents/assignments/MIT6_046JS12_ps5_sol.pdf"/>
                        
        </resource>
        <resource identifier="r_contents.assignments.MIT6_046JS12_ps2_sol.pdf"
                  type="other"
                  href="contents/assignments/MIT6_046JS12_ps2_sol.pdf">
            <metadata>
                <adlcp:location>contents/assignments/MIT6_046JS12_ps2_sol.pdf.xml</adlcp:location>
            </metadata>
            <file href="contents/assignments/MIT6_046JS12_ps2_sol.pdf"/>
                        
        </resource>
        <resource identifier="r_contents.exams.MIT6_046JS12_quiz1.pdf"
                  type="other"
                  href="contents/exams/MIT6_046JS12_quiz1.pdf">
            <metadata>
                <adlcp:location>contents/exams/MIT6_046JS12_quiz1.pdf.xml</adlcp:location>
            </metadata>
            <file href="contents/exams/MIT6_046JS12_quiz1.pdf"/>
                        
        </resource>
        <resource identifier="r_contents.lecture-notes.MIT6_046JS12_lec08.pdf"
                  type="other"
                  href="contents/lecture-notes/MIT6_046JS12_lec08.pdf">
            <metadata>
                <adlcp:location>contents/lecture-notes/MIT6_046JS12_lec08.pdf.xml</adlcp:location>
            </metadata>
            <file href="contents/lecture-notes/MIT6_046JS12_lec08.pdf"/>
                        
        </resource>
        <resource identifier="r_contents.lecture-notes.MIT6_046JS12_Notes.pdf"
                  type="other"
                  href="contents/lecture-notes/MIT6_046JS12_Notes.pdf">
            <metadata>
                <adlcp:location>contents/lecture-notes/MIT6_046JS12_Notes.pdf.xml</adlcp:location>
            </metadata>
            <file href="contents/lecture-notes/MIT6_046JS12_Notes.pdf"/>
                        
        </resource>
        <resource identifier="r_contents.recitations.index.htm"
                  type="webcontent"
                  href="contents/recitations/index.htm">
            <metadata>
                <adlcp:location>contents/recitations/index.htm.xml</adlcp:location>
            </metadata>
            <file href="contents/recitations/index.htm"/>
            <dependency identifierref="webrenderrequirements.6-046j-design-and-analysis-of-algorithms-spring-2012"/>            
        </resource>
        <resource identifier="r_contents.assignments.MIT6_046JS12_ps6.pdf"
                  type="other"
                  href="contents/assignments/MIT6_046JS12_ps6.pdf">
            <metadata>
                <adlcp:location>contents/assignments/MIT6_046JS12_ps6.pdf.xml</adlcp:location>
            </metadata>
            <file href="contents/assignments/MIT6_046JS12_ps6.pdf"/>
                        
        </resource>        
        <resource identifier="r_common.search.AdvancedSearch.htm"
                  type="webcontent"
                  href="common/search/AdvancedSearch.htm">
            <file href="common/search/AdvancedSearch.htm"/>
            <dependency identifierref="webrenderrequirements.6-046j-design-and-analysis-of-algorithms-spring-2012"/>            
        </resource>
        <resource identifier="r_common.jsp.feedback.htm"
                  type="webcontent"
                  href="common/jsp/feedback.htm">
            <file href="common/jsp/feedback.htm"/>
            <dependency identifierref="webrenderrequirements.6-046j-design-and-analysis-of-algorithms-spring-2012"/>            
        </resource>
        <resource identifier="r_common.terms.index.htm"
                  type="webcontent"
                  href="common/terms/index.htm">
            <file href="common/terms/by.png"/>
            <file href="common/terms/nc.png"/>
            <file href="common/terms/sa.png"/>
            <file href="common/terms/deedheadyellow.png"/>
            <file href="common/terms/freedomsheader.png"/>
            <file href="common/terms/limitationsheader.png"/>
            <file href="common/terms/understandingheader.jpg"/>
            <file href="common/terms/deedfootyellow.png"/>
            <dependency identifierref="webrenderrequirements.6-046j-design-and-analysis-of-algorithms-spring-2012"/>            
        </resource>
        <resource identifier="r_common.terms.trademarks.index.htm"
                  type="webcontent"
                  href="common/terms/trademarks/index.htm">
            <file href="common/terms/trademarks/index.htm"/>
            <dependency identifierref="webrenderrequirements.6-046j-design-and-analysis-of-algorithms-spring-2012"/>            
        </resource>
        <resource identifier="webrenderrequirements.6-046j-design-and-analysis-of-algorithms-spring-2012"
                  type="webcontent">
        	<file href="common/styles/base.css"/>
        	<file href="common/styles/courses.css"/>
        	<file href="common/styles/courses_new.css"/>
        	<file href="common/styles/educator.css"/>
        	<file href="common/styles/global.css"/>
        	<file href="common/styles/grid.css"/>
        	<file href="common/styles/highslide.css"/>
        	<file href="common/styles/highslide-ie6.css"/>
        	<file href="common/styles/jquery.bubblepopup.css"/>
        	<file href="common/styles/jquery.jscrollpane.css"/>
        	<file href="common/styles/jquery-ui.css"/>
        	<file href="common/styles/menu.css"/>
        	<file href="common/styles/scholar2.css"/>
        	<file href="common/styles/media_tabs.css"/>
        	<file href="common/scripts/bubble-popup-offline.js"/>
        	<file href="common/scripts/jquery.js"/>
        	<file href="common/scripts/ocw-media-utils.js"/>
        	<file href="common/scripts/ocw-media-utils-offline.js"/>
        	<file href="common/scripts/highslide-with-gallery.js"/>
        	<file href="common/scripts/jquery.bubblepopup.min.js"/>
        	<file href="common/scripts/jquery.jscrollpane.min.js"/>
        	<file href="common/scripts/jquery-ui.min.js"/>
        	<file href="common/scripts/jQuizMe-uncompressed.js"/>
        	<file href="common/scripts/ocw-offline.js"/>
        	<file href="common/scripts/expandy.js"/>
        	<file href="common/scripts/chart.js"/>
        	<file href="common/scripts/jquery.anythingslider.js"/>
        	<file href="common/images/ocw_mast.png"/>
        	<file href="common/images/button_subscribe.png"/>
        	<file href="common/images/icon_fb.png"/>
        	<file href="common/images/icon_gp.png"/>
        	<file href="common/images/icon_pin.png"/>
        	<file href="common/images/icon_tw.png"/>
        	<file href="common/images/icon-question-ovt.png"/>
        	<file href="common/images/icon-question-svt.png"/>
        	<file href="common/images/icon-question-avt.png"/>
        	<file href="common/images/icon-question-cl.png"/>
        	<file href="common/images/top-nav_home.png"/>
        	<file href="common/images/button_search.png"/>
        	<file href="common/images/bg_top.png"/>
        	<file href="common/images/bg_social.png"/>
        	<file href="common/images/bg_social2.png"/>
        	<file href="common/images/bg_mega-courses.png"/>
        	<file href="common/images/bg_center2.png"/>
        	<file href="common/images/bg_course-nav_current.png"/>
        	<file href="common/images/button_donate-now.png"/>
        	<file href="common/images/logo_mit.png"/>
        	<file href="common/images/logo_ocwc.gif"/>
        	<file href="common/images/cc_by-nc-sa.png"/>
        	<file href="common/images/logo_dow.png"/>
        	<file href="common/images/logo_lockheed.png"/>
        	<file href="common/images/logo_mathworks.png"/>
        	<file href="common/images/logo_abinitio.png"/>
        	<file href="common/images/logo_sapient.png"/>
        	<file href="common/images/bg_bottom.png"/>
        	<file href="common/images/nav_arrow.png"/>
        	<file href="common/images/news-subscibe_bg.png"/>
        	<file href="common/images/black-arrow.gif"/>
        	<file href="common/images/trans.gif"/>
        	<file href="common/images/arrow-bullet.gif"/>
        	<file href="common/images/apple-touch-icon.png"/>
        	<file href="common/images/highslide/graphics/zoomin.cur"/>
        	<file href="common/images/highslide/graphics/zoomout.cur"/>
        	<file href="common/images/highslide/graphics/controlbar2.gif"/>
        	<file href="common/images/highslide/graphics/controlbar3.gif"/>
        	<file href="common/images/highslide/graphics/controlbar4.gif"/>
        	<file href="common/images/highslide/graphics/controlbar4-hover.gif"/>
        	<file href="common/images/highslide/graphics/controlbar-black-border.gif"/>
        	<file href="common/images/highslide/graphics/controlbar-white.gif"/>
        	<file href="common/images/highslide/graphics/controlbar-white-small.gif"/>
        	<file href="common/images/highslide/graphics/fullexpand.gif"/>
        	<file href="common/images/highslide/graphics/icon.gif"/>
        	<file href="common/images/highslide/graphics/loader.gif"/>
        	<file href="common/images/highslide/graphics/loader.white.gif"/>
        	<file href="common/images/highslide/graphics/resize.gif"/>
        	<file href="common/images/highslide/graphics/close.png"/>
        	<file href="common/images/highslide/graphics/closeX.png"/>
        	<file href="common/images/highslide/graphics/controlbar-text-buttons.png"/>
        	<file href="common/images/highslide/graphics/geckodimmer.png"/>
        	<file href="common/images/highslide/graphics/scrollarrows.png"/>
        	<file href="common/images/highslide/graphics/outlines/beveled.png"/>
        	<file href="common/images/highslide/graphics/outlines/drop-shadow.png"/>
        	<file href="common/images/highslide/graphics/outlines/glossy-dark.png"/>
        	<file href="common/images/highslide/graphics/outlines/outer-glow.png"/>
        	<file href="common/images/highslide/graphics/outlines/rounded-black.png"/>
        	<file href="common/images/highslide/graphics/outlines/rounded-white.png"/>
        	<file href="common/images/highslide/graphics/outlines/Outlines.psd"/>
        	<file href="common/images/button_continue.jpg"/>
        	<file href="common/images/button_donate.jpg"/>
        	<file href="common/images/button_start.jpg"/>
        	<file href="common/images/scholar_bar_chp.png"/>
        	<file href="common/images/scholar_bar.png"/>
        	<file href="common/images/logo_pdf.jpg"/>
        	<file href="common/images/h2_trigger_open_close.gif"/>
        	<file href="common/images/bookmark.gif"/>
        	<file href="common/images/check.png"/>
        	<file href="common/images/lightbulb.png"/>
        	<file href="common/images/audio_file.gif"/>
        	<file href="common/images/audio_only_slate.gif"/>
        	<file href="common/images/video_file.gif"/>
        	<file href="common/images/back-5.png"/>
        	<file href="common/images/btn_next_resource.png"/>
        	<file href="common/images/btn_previous_resource.png"/>
        	<file href="common/images/close.png"/>
        	<file href="common/images/inacessible.gif"/>
        	<file href="common/images/jquerybubblepopup-theme/grey/ie/bottom-left.gif"/>
        	<file href="common/images/jquerybubblepopup-theme/grey/ie/bottom-middle.gif"/>
        	<file href="common/images/jquerybubblepopup-theme/grey/ie/bottom-right.gif"/>
        	<file href="common/images/jquerybubblepopup-theme/grey/ie/middle-left.gif"/>
        	<file href="common/images/jquerybubblepopup-theme/grey/ie/middle-right.gif"/>
        	<file href="common/images/jquerybubblepopup-theme/grey/ie/tail-bottom.gif"/>
        	<file href="common/images/jquerybubblepopup-theme/grey/ie/tail-left.gif"/>
        	<file href="common/images/jquerybubblepopup-theme/grey/ie/tail-right.gif"/>
        	<file href="common/images/jquerybubblepopup-theme/grey/ie/tail-top.gif"/>
        	<file href="common/images/jquerybubblepopup-theme/grey/ie/top-left.gif"/>
        	<file href="common/images/jquerybubblepopup-theme/grey/ie/top-middle.gif"/>
        	<file href="common/images/jquerybubblepopup-theme/grey/ie/top-right.gif"/>
        	<file href="common/images/jquerybubblepopup-theme/grey/bottom-left.png"/>
        	<file href="common/images/jquerybubblepopup-theme/grey/bottom-middle.png"/>
        	<file href="common/images/jquerybubblepopup-theme/grey/bottom-right.png"/>
        	<file href="common/images/jquerybubblepopup-theme/grey/middle-left.png"/>
        	<file href="common/images/jquerybubblepopup-theme/grey/middle-right.png"/>
        	<file href="common/images/jquerybubblepopup-theme/grey/tail-bottom.png"/>
        	<file href="common/images/jquerybubblepopup-theme/grey/tail-left.png"/>
        	<file href="common/images/jquerybubblepopup-theme/grey/tail-right.png"/>
        	<file href="common/images/jquerybubblepopup-theme/grey/tail-top.png"/>
        	<file href="common/images/jquerybubblepopup-theme/grey/top-left.png"/>
        	<file href="common/images/jquerybubblepopup-theme/grey/top-middle.png"/>
        	<file href="common/images/jquerybubblepopup-theme/grey/top-right.png"/>
        	<file href="common/images/educator/classroom_next.png"/>
        	<file href="common/images/educator/classroom_next_dim.png"/>
        	<file href="common/images/educator/classroom_prev.png"/>
        	<file href="common/images/educator/classroom_prev_dim.png"/>
        	<file href="common/images/educator/edu_b-blank.png"/>
        	<file href="common/images/educator/edu_b-blank-key.png"/>
        	<file href="common/images/educator/edu_b-duedate.png"/>
        	<file href="common/images/educator/edu_b-duedate-key.png"/>
        	<file href="common/images/educator/edu_b-exam.png"/>
        	<file href="common/images/educator/edu_b-exam-key.png"/>
        	<file href="common/images/educator/edu_b-lab.png"/>
        	<file href="common/images/educator/edu_b-lab-key.png"/>
        	<file href="common/images/educator/edu_b-lab-team.png"/>
        	<file href="common/images/educator/edu_b-lab-duedate.png"/>
        	<file href="common/images/educator/edu_b-leclab.png"/>
        	<file href="common/images/educator/edu_b-leclab-key.png"/>
        	<file href="common/images/educator/edu_b-lecture.png"/>
        	<file href="common/images/educator/edu_b-lecture-duedate.png"/>
        	<file href="common/images/educator/edu_b-lecture-exam.png"/>
        	<file href="common/images/educator/edu_b-lecture-key.png"/>
        	<file href="common/images/educator/edu_b-lecture-lunch.png"/>
        	<file href="common/images/educator/edu_b-lecture-preslab.png"/>
        	<file href="common/images/educator/edu_b-lecture-quiz.png"/>
        	<file href="common/images/educator/edu_b-lecture-team.png"/>
        	<file href="common/images/educator/edu_b-lecrec-key.png"/>
        	<file href="common/images/educator/edu_b-leclab-duedate.png"/>
        	<file href="common/images/educator/edu_b-lecrec.png"/>
        	<file href="common/images/educator/edu_b-lecrec-duedate.png"/>
        	<file href="common/images/educator/edu_b-noclass-quiz.png"/>
        	<file href="common/images/educator/edu_b-lunch.png"/>
        	<file href="common/images/educator/edu_b-lunch-key.png"/>
        	<file href="common/images/educator/edu_b-noclass.png"/>
        	<file href="common/images/educator/edu_b-noclass-duedate.png"/>
        	<file href="common/images/educator/edu_b-noclass-exam.png"/>
        	<file href="common/images/educator/edu_b-noclass-key.png"/>
        	<file href="common/images/educator/edu_b-office.png"/>
        	<file href="common/images/educator/edu_b-office-key.png"/>
        	<file href="common/images/educator/edu_b-present.png"/>
        	<file href="common/images/educator/edu_b-present-duedate.png"/>
        	<file href="common/images/educator/edu_b-present-key.png"/>
        	<file href="common/images/educator/edu_b-preslab.png"/>
        	<file href="common/images/educator/edu_b-preslab-key.png"/>
        	<file href="common/images/educator/edu_b-quiz-key.png"/>
        	<file href="common/images/educator/edu_b-reclab-key.png"/>
        	<file href="common/images/educator/edu_b-reclab-concert.png"/>
        	<file href="common/images/educator/edu_b-reclab.png"/>
        	<file href="common/images/educator/edu_b-noclass-concert.png"/>
        	<file href="common/images/educator/edu_b-leclab-concert.png"/>
        	<file href="common/images/educator/edu_b-concert-key.png"/>
        	<file href="common/images/educator/edu_b-concert.png"/>
        	<file href="common/images/educator/edu_b-recitation.png"/>
        	<file href="common/images/educator/edu_b-recitation-duedate.png"/>
        	<file href="common/images/educator/edu_b-recitation-exam.png"/>
        	<file href="common/images/educator/edu_b-recitation-key.png"/>
        	<file href="common/images/educator/edu_b-team.png"/>
        	<file href="common/images/educator/edu_b-team-key.png"/>
        	<file href="common/images/educator/edu_b-team-preslab.png"/>
        	<file href="common/images/educator/edu_b-work.png"/>
        	<file href="common/images/educator/edu_b-work-key.png"/>
        	<file href="common/images/educator/icon-question-cih.png"/>
        	<file href="common/images/educator/icon-question-cihw.png"/>
        	<file href="common/images/educator/icon-question-cim.png"/>
        	<file href="common/images/educator/icon-question-collab.png"/>
        	<file href="common/images/educator/icon-question-coop.png"/>
        	<file href="common/images/educator/icon-question-fas.png"/>
        	<file href="common/images/educator/icon-question-gir.png"/>
        	<file href="common/images/educator/icon-question-hass.png"/>
        	<file href="common/images/educator/icon-question-hass-s.png"/>
        	<file href="common/images/educator/icon-question-iap.png"/>
        	<file href="common/images/educator/icon-question-lab.png"/>
        	<file href="common/images/educator/icon-question-urop.png"/>
        	<file href="common/images/educator/icon-question-active.png"/>
        	<file href="common/images/educator/icon-question-clickq.png"/>
        	<file href="common/images/educator/icon-question-conq.png"/>
        	<file href="common/images/educator/icon-question-flip.png"/>
        	<file href="common/images/educator/icon-question-form.png"/>
        	<file href="common/images/educator/icon-question-immed.png"/>
        	<file href="common/images/educator/icon-question-learn.png"/>
        	<file href="common/images/educator/icon-question-ped.png"/>
        	<file href="common/images/educator/icon-question-readq.png"/>
        	<file href="common/images/educator/icon-question-service.png"/>
        	<file href="common/images/educator/icon-question-sum.png"/>
        	<file href="common/webfonts/TitilliumText22L002-webfont.woff"/>
        	<file href="common/webfonts/TitilliumText22L002-webfont.ttf"/>
        	<file href="common/webfonts/TitilliumText22L002-webfont.svg"/>
        	<file href="common/webfonts/TitilliumText22L002-webfont.eot"/>
        	<file href="common/webfonts/TitilliumText22L003-webfont.woff"/>
        	<file href="common/webfonts/TitilliumText22L003-webfont.ttf"/>
        	<file href="common/webfonts/TitilliumText22L003-webfont.eot"/>
        	<file href="common/webfonts/TitilliumText22L003-webfont.svg"/>
        	<file href="common/webfonts/TitilliumText22L005-webfont.woff"/>
        	<file href="common/webfonts/TitilliumText22L005-webfont.ttf"/>
        	<file href="common/webfonts/TitilliumText22L005-webfont.svg"/>
        	<file href="common/webfonts/TitilliumText22L005-webfont.eot"/>
        </resource>        
  </resources>
</manifest>
