<?xml version="1.0" encoding="utf-8" ?>
<lom:lom xmlns="http://ocw.mit.edu/xmlns/LOM"
         xmlns:lom="http://ocw.mit.edu/xmlns/LOM"
         xmlns:ocwlom="http://ocw.mit.edu/xmlns/ocwLOM"
         xmlns:xsi="http://www.w3.org/2001/XMLSchema-instance"
         xsi:schemaLocation="http://ocw.mit.edu/xmlns/LOM http://ocw.mit.edu/xsd/LOM/lomv1.0/lomv1.0.xsd http://ocw.mit.edu/xmlns/ocwLOM http://ocw.mit.edu/xsd/ocwLOM/ocwlomv1.0/ocwlomv1.0.xsd">
  <!--************************************************************ 
  This LOM record was produced by an automatic transformation to IEEE LOM, from OpenCourseWare's (OCW) initial version of Learning Object Metadata (LOM). (The initial version was based on IMS Global Consortium's LOM.)
			********************************************************-->
<!--***************************-->
<!--**** GENERAL ****-->
<!--***************************-->
    <lom:general uniqueElementName="general">
        <lom:title uniqueElementName="title">
            <lom:string language="en">Introduction To MATLAB Programming</lom:string>
        </lom:title>
        <lom:description>
            <lom:string language="en">This course is intended to assist undergraduates with learning the basics of programming in general and programming MATLAB&amp;reg; in particular.</lom:string>
        </lom:description>
        <lom:identifier>
            <lom:catalog uniqueElementName="catalog">OCW Master Course Number</lom:catalog>
            <lom:entry uniqueElementName="entry">18.S997</lom:entry>
        </lom:identifier>
        <lom:language>en</lom:language>
        <lom:aggregationLevel uniqueElementName="aggregationLevel">
            <lom:source uniqueElementName="source">LOMv1.0</lom:source>
            <lom:value uniqueElementName="value">4</lom:value>
        </lom:aggregationLevel>
    </lom:general>
<!--***************************-->
<!--**** LIFECYCLE ****-->
<!--***************************-->
    <lom:lifeCycle uniqueElementName="lifeCycle">
        <lom:version uniqueElementName="version">
            <lom:string language="en">Fall 2011</lom:string>
        </lom:version>
        <lom:contribute>
            <lom:role>
                <lom:source uniqueElementName="source">OCW_LOMv1.0</lom:source>
                <lom:value uniqueElementName="value">Author</lom:value>
            </lom:role>
            <lom:entity>Farjoun, Yossi</lom:entity>
            <lom:date uniqueElementName="date">
                <lom:dateTime uniqueElementName="dateTime">2016-2-7</lom:dateTime>
            </lom:date>
        </lom:contribute>
        <ocwlom:ocwDates>
            <ocwlom:firstPubDate>2013/01/28 16:12:18.798 US/Eastern</ocwlom:firstPubDate>
            <ocwlom:mostRecentPubDate>2015/02/26 15:52:14.042 US/Eastern</ocwlom:mostRecentPubDate>
            <ocwlom:unpubDate></ocwlom:unpubDate>
            <ocwlom:retireDate></ocwlom:retireDate>
        </ocwlom:ocwDates>
    </lom:lifeCycle>
<!--***************************-->
<!--**** TECHNICAL ****-->
<!--***************************-->
    <lom:technical uniqueElementName="technical">
        <lom:location>/courses/mathematics/18-s997-introduction-to-matlab-programming-fall-2011/index.htm</lom:location>
        
        
		
        <lom:requirement>
            <lom:orComposite>
                <lom:type uniqueElementName="type">
                    <lom:source uniqueElementName="source">LOMv1.0</lom:source>
                    <lom:value uniqueElementName="value">Browser</lom:value>
                </lom:type>
                <lom:name uniqueElementName="name">
                    <lom:source uniqueElementName="source">LOMv1.0</lom:source>
                    <lom:value uniqueElementName="value">Internet Explorer</lom:value>
                </lom:name>
                <lom:minimumVersion
    uniqueElementName="minimumVersion">6.0</lom:minimumVersion>
            </lom:orComposite>
            <lom:orComposite>
                <lom:type uniqueElementName="type">
                    <lom:source uniqueElementName="source">LOMv1.0</lom:source>
                    <lom:value uniqueElementName="value">Browser</lom:value>
                </lom:type>
                <lom:name uniqueElementName="name">
                    <lom:source uniqueElementName="source">LOMv1.0</lom:source>
                    <lom:value uniqueElementName="value">Mozilla Firefox</lom:value>
                </lom:name>
                <lom:minimumVersion
    uniqueElementName="minimumVersion">3.0</lom:minimumVersion>
            </lom:orComposite>
            <lom:orComposite>
                <lom:type uniqueElementName="type">
                    <lom:source uniqueElementName="source">LOMv1.0</lom:source>
                    <lom:value uniqueElementName="value">Browser</lom:value>
                </lom:type>
                <lom:name uniqueElementName="name">
                    <lom:source uniqueElementName="source">LOMv1.0</lom:source>
                    <lom:value uniqueElementName="value">Safari</lom:value>
                </lom:name>
                <lom:minimumVersion
    uniqueElementName="minimumVersion">4.0</lom:minimumVersion>
            </lom:orComposite>
        </lom:requirement>
    </lom:technical>
<!--***************************-->
<!--**** EDUCATIONAL ****-->
<!--***************************-->
    <lom:educational>
    	
        <lom:context>
            <lom:source uniqueElementName="source">OCW_LOMv1.0</lom:source>
            <lom:value uniqueElementName="value">Undergraduate</lom:value>
        </lom:context>
        
    </lom:educational>
<!--***************************-->
<!--**** RIGHTS ****-->
<!--***************************-->
    <lom:rights uniqueElementName="rights">
        <lom:copyrightAndOtherRestrictions uniqueElementName="copyrightAndOtherRestrictions">
            <lom:source uniqueElementName="source">LOMv1.0</lom:source>
            <lom:value uniqueElementName="value">yes</lom:value>
        </lom:copyrightAndOtherRestrictions>
        <lom:description>
            <lom:string language="en">This site (c) Massachusetts Institute of Technology 2016.  Content within individual courses is (c) by the individual authors unless otherwise noted. The Massachusetts Institute of Technology is providing this Work (as defined below) under the terms of this Creative Commons public license ("CCPL" or "license") unless otherwise noted. The Work is protected by copyright and/or other applicable law. Any use of the work other than as authorized under this license is prohibited. By exercising any of the rights to the Work provided here, You (as defined below) accept and agree to be bound by the terms of this license. The Licensor, the Massachusetts Institute of Technology, grants You the rights contained here in consideration of Your acceptance of such terms and conditions.</lom:string>
        </lom:description>
    </lom:rights>
<!--***************************-->
<!--**** RELATION ****-->
<!--***************************-->
<!--***************************-->
<!--**** CLASSIFICATION ****-->
<!--***************************-->
    <lom:classification>
        <lom:taxonPath>
            <lom:source uniqueElementName="source">
                <lom:string language="en">CIP</lom:string>
            </lom:source>
            <lom:taxon>
                <lom:id uniqueElementName="id">140903</lom:id>
                <lom:entry uniqueElementName="entry">
                    <lom:string language="en"></lom:string>
                </lom:entry>
            </lom:taxon>
        </lom:taxonPath>
        <lom:keyword>
            <lom:string language="en">MATLAB,programming</lom:string>
        </lom:keyword>
        <lom:keyword>
            <lom:string language="en">variables</lom:string>
        </lom:keyword>
        <lom:keyword>
            <lom:string language="en">plotting</lom:string>
        </lom:keyword>
        <lom:keyword>
            <lom:string language="en">scripts</lom:string>
        </lom:keyword>
        <lom:keyword>
            <lom:string language="en">functions</lom:string>
        </lom:keyword>
        <lom:keyword>
            <lom:string language="en">flow control</lom:string>
        </lom:keyword>
        <lom:keyword>
            <lom:string language="en">statistics</lom:string>
        </lom:keyword>
        <lom:keyword>
            <lom:string language="en">data structures</lom:string>
        </lom:keyword>
        <lom:keyword>
            <lom:string language="en">images</lom:string>
        </lom:keyword>
        <lom:keyword>
            <lom:string language="en">vectors</lom:string>
        </lom:keyword>
        <lom:keyword>
            <lom:string language="en">matrices</lom:string>
        </lom:keyword>
        <lom:keyword>
            <lom:string language="en">root-finding</lom:string>
        </lom:keyword>
        <lom:keyword>
            <lom:string language="en">Newton's Method</lom:string>
        </lom:keyword>
        <lom:keyword>
            <lom:string language="en">Secant Method</lom:string>
        </lom:keyword>
        <lom:keyword>
            <lom:string language="en">Basins of Attraction</lom:string>
        </lom:keyword>
        <lom:keyword>
            <lom:string language="en">Conway Game of Life</lom:string>
        </lom:keyword>
        <lom:keyword>
            <lom:string language="en">Game of Life</lom:string>
        </lom:keyword>
        <lom:keyword>
            <lom:string language="en">vectorization</lom:string>
        </lom:keyword>
        <lom:keyword>
            <lom:string language="en">debugging</lom:string>
        </lom:keyword>
        <lom:keyword>
            <lom:string language="en">scope</lom:string>
        </lom:keyword>
        <lom:keyword>
            <lom:string language="en">function block</lom:string>
        </lom:keyword>
    </lom:classification>
</lom:lom>
